id,rank,year,player,batted_ball_events,launch_angle,sweet_spot_percentage,max_ev,average_ev,fly_ball_line_drive_ev,ground_ball_ev,max_distance,average_distance,average_homerun,hard_hit_95mph+,hard_hit_percentage,hard_hit_swing_percentage,total_barrels,barrels_batted_balls_percentage,barrels_plate_appearance_percentage
721,241,2020," Markakis, Nick",107,9.5,35.5,106.1,89.0,90.6,89.5,394,156,392.0,45,42.1,19.1,2,1.9,1.4
481,1,2020," Tatis Jr., Fernando",164,8.7,32.3,113.4,95.9,100.2,91.6,458,175,410.0,102,62.2,22.0,32,19.5,12.5
568,88,2020," Naquin, Tyler",95,13.0,34.7,110.3,91.7,95.0,89.5,425,171,387.0,49,51.6,16.4,9,9.5,6.4
72,72,2022," Story, Trevor",230,18.4,36.5,113.4,88.7,92.8,85.9,428,181,391.0,90,39.1,11.9,26,11.3,6.9
1693,201,2016," Bourn, Michael",293,8.3,32.4,105.1,85.1,88.9,82.1,408,159,400.0,51,17.4,7.4,9,3.1,2.2
260,12,2021," O'Neill, Tyler",318,17.8,39.9,113.1,93.0,98.2,86.3,463,192,414.0,166,52.2,16.1,57,17.9,10.6
52,52,2022," Laureano, Ramón",222,14.8,26.6,110.2,88.3,93.8,85.5,429,161,398.0,85,38.3,13.5,26,11.7,7.5
199,199,2022," Estrada, Thairo",338,7.3,31.1,109.3,86.3,91.5,82.9,418,137,394.0,107,31.7,13.6,15,4.4,3.3
427,179,2021," Peralta, David",397,5.3,27.2,113.8,89.3,93.1,88.1,445,133,410.0,166,41.8,17.3,20,5.0,3.7
1470,234,2017," Barnhart, Tucker",310,9.7,36.1,104.5,86.2,91.4,81.7,444,166,401.0,79,25.6,10.7,7,2.3,1.7
333,85,2021," Correa, Carlos",445,12.1,33.5,116.4,90.2,94.0,88.5,442,166,386.0,190,42.7,17.3,42,9.4,6.6
1346,110,2017," Jones, Adam",488,11.9,33.6,110.9,86.9,91.4,83.8,452,167,392.0,151,31.1,11.3,31,6.4,4.9
926,189,2019," McNeil, Jeff",436,13.8,34.2,107.2,89.0,92.2,87.1,444,172,392.0,160,36.7,12.9,21,4.8,3.7
421,173,2021," Molina, Yadier",364,15.3,34.1,108.2,88.0,92.1,84.6,433,173,394.0,115,31.6,12.1,19,5.2,4.0
964,227,2019," Rojas, Miguel",427,9.1,31.9,109.2,87.4,89.3,86.3,415,155,399.0,123,28.8,14.0,11,2.6,2.1
932,195,2019," Taylor, Chris",258,13.8,38.8,108.3,86.0,90.0,81.0,426,183,399.0,82,32.3,9.6,14,5.4,3.4
880,143,2019," Hosmer, Eric",461,2.1,28.9,114.3,90.8,94.1,88.9,432,137,402.0,212,46.0,16.6,33,7.2,4.9
1442,206,2017," Owings, Chris",281,12.4,33.8,108.4,86.6,90.5,83.6,442,166,407.0,77,27.6,10.0,10,3.6,2.6
1541,49,2016," Frazier, Todd",435,20.5,31.5,113.5,89.1,93.9,85.9,431,192,399.0,155,35.6,12.0,44,10.1,6.6
553,73,2020," White, Evan",99,13.7,26.3,112.8,91.7,97.2,87.7,440,177,405.0,52,52.5,14.3,14,14.1,6.9
428,180,2021," Smith, Pavin",393,9.0,33.6,110.8,87.2,92.3,84.8,443,158,410.0,168,42.7,19.2,20,5.1,3.7
1554,62,2016," Conforto, Michael",218,15.1,37.2,115.0,90.2,92.8,87.5,425,197,390.0,85,39.0,13.7,22,10.1,6.3
1584,92,2016," Dietrich, Derek",272,13.0,39.3,110.6,85.5,91.2,81.0,432,179,407.0,87,32.0,11.6,22,8.1,5.3
1960,227,2015," Hernández, César",324,6.0,27.5,107.2,85.9,89.0,84.3,400,136,394.0,87,26.9,11.4,4,1.2,0.9
1491,255,2017," Barney, Darwin",278,11.7,32.0,101.7,82.7,87.1,80.1,401,152,373.0,34,12.2,5.1,1,0.4,0.3
1178,191,2018," Anderson, Tim",423,10.8,33.3,112.5,85.8,90.6,82.1,414,161,384.0,118,27.9,9.9,20,4.7,3.3
399,151,2021," Gamel, Ben",241,16.7,41.5,108.5,89.0,92.6,84.0,423,193,396.0,88,36.5,12.4,19,7.9,4.8
1775,42,2015," Teixeira, Mark",312,15.7,31.1,111.2,89.6,94.3,85.8,437,189,392.0,129,41.3,16.6,29,9.3,6.3
193,193,2022," Stott, Bryson",277,14.1,30.3,108.4,88.2,91.0,87.6,415,156,388.0,103,37.2,15.5,13,4.7,3.5
887,150,2019," Ramírez, José",414,19.8,32.6,112.1,89.2,91.8,87.7,431,199,397.0,148,35.7,16.0,26,6.3,4.8
1300,64,2017," Alonso, Yonder",333,19.4,35.7,111.5,89.2,93.4,86.1,436,197,402.0,137,41.1,14.0,33,9.9,6.3
608,128,2020," Aguilar, Jesús",152,16.0,37.5,109.9,89.3,91.6,88.0,436,180,400.0,57,37.5,13.7,11,7.2,5.1
788,51,2019," Yastrzemski, Mike",268,19.5,36.9,108.5,89.6,94.6,85.2,472,204,406.0,115,42.9,14.8,30,11.2,7.3
629,149,2020," Walker, Christian",171,11.5,34.5,110.4,90.4,94.8,86.7,451,174,417.0,83,48.5,16.7,11,6.4,4.5
1376,140,2017," Merrifield, Whit",507,16.4,36.5,110.5,87.6,92.1,82.8,430,195,396.0,149,29.6,12.4,26,5.1,4.1
142,142,2022," Verdugo, Alex",443,8.8,37.9,111.0,89.0,93.1,86.0,447,163,407.0,170,38.4,17.7,27,6.1,4.9
708,228,2020," Smoak, Justin",78,15.3,33.3,107.0,89.6,95.2,85.6,416,171,379.0,31,39.7,13.0,3,3.8,2.3
3,3,2022," Trout, Mike",234,24.7,37.2,114.4,91.7,94.9,87.7,472,218,407.0,120,51.3,16.5,46,19.7,11.6
1235,248,2018," Hamilton, Billy",377,15.3,36.3,101.9,80.5,83.0,79.2,392,159,375.0,32,8.5,3.1,2,0.5,0.4
1854,121,2015," Coghlan, Chris",348,11.0,32.8,107.5,88.5,91.9,85.8,435,177,396.0,116,33.3,13.2,19,5.5,3.8
1685,193,2016," Escobar, Eduardo",283,15.1,32.5,107.7,85.6,89.5,83.5,448,171,392.0,69,24.4,9.8,9,3.2,2.4
340,92,2021," Gomes, Yan",272,14.1,39.3,107.7,89.6,94.2,86.0,429,179,397.0,104,38.2,15.2,24,8.8,6.4
619,139,2020," Marte, Starling",188,6.5,29.8,110.6,87.1,91.2,84.6,447,143,411.0,57,30.3,11.5,12,6.4,4.8
479,231,2021," Torreyes, Ronald",283,12.2,30.0,106.9,82.2,85.7,79.9,401,140,375.0,40,14.1,6.5,1,0.4,0.3
527,47,2020," Hiura, Keston",134,14.3,34.3,110.2,87.4,93.7,82.8,438,170,408.0,53,39.6,10.7,19,14.2,7.7
266,18,2021," Schwarber, Kyle",274,15.4,36.9,116.6,92.3,97.3,86.5,463,186,414.0,143,52.2,17.4,48,17.5,10.2
1365,129,2017," Martin, Russell",225,6.9,32.9,108.9,88.3,95.1,83.0,449,157,399.0,85,37.9,14.2,16,7.1,4.4
1975,242,2015," Suzuki, Ichiro",356,3.3,27.2,106.9,83.2,85.9,82.3,377,120,342.0,49,13.8,6.9,2,0.6,0.5
487,7,2020," Lowe, Brandon",137,18.1,37.2,111.4,89.8,94.3,83.2,459,198,406.0,59,43.1,14.3,24,17.5,10.7
440,192,2021," McNeil, Jeff",329,12.0,30.4,108.3,88.1,91.6,87.2,417,154,403.0,110,33.4,12.9,14,4.3,3.3
272,24,2021," Machado, Manny",473,14.0,33.8,119.6,93.1,96.8,91.5,453,177,401.0,247,52.2,23.0,63,13.3,9.8
185,185,2022," Benintendi, Andrew",390,12.6,39.2,109.8,89.2,92.0,86.6,433,167,401.0,151,38.7,16.3,20,5.1,3.8
918,181,2019," Anderson, Tim",391,8.7,37.6,107.8,88.3,90.7,86.7,440,167,398.0,147,37.6,14.2,20,5.1,3.9
245,245,2022," Kwan, Steven",408,10.9,34.1,107.1,84.6,87.4,83.1,393,150,374.0,82,20.1,10.4,4,1.0,0.8
1091,104,2018," Bellinger, Cody",409,16.2,32.0,112.9,89.8,95.5,86.6,443,183,405.0,157,38.9,13.2,35,8.6,5.5
1356,120,2017," Gonzalez, Marwin",361,11.7,29.4,109.8,88.7,93.7,84.4,443,167,386.0,132,36.6,14.7,24,6.6,4.7
584,104,2020," Goodwin, Brian",92,20.7,41.3,109.6,89.9,93.8,85.0,411,197,392.0,38,41.3,13.9,10,10.9,6.1
1024,37,2018," Martin, Leonys",243,18.3,33.7,112.9,89.1,92.9,87.8,421,188,392.0,94,38.7,13.4,26,10.7,7.4
530,50,2020," Winker, Jesse",104,10.5,37.5,113.0,92.1,95.3,89.5,447,176,392.0,51,49.0,16.2,14,13.5,7.7
1801,68,2015," Seager, Kyle",529,16.8,36.1,109.3,89.3,91.9,87.1,448,192,401.0,183,34.6,15.9,37,7.0,5.4
1748,15,2015," Goldschmidt, Paul",423,12.9,39.2,114.0,92.0,97.0,87.2,471,200,406.0,196,46.3,17.6,53,12.5,7.6
1147,160,2018," Beckham, Tim",272,9.8,31.6,111.2,87.1,92.2,83.6,431,158,405.0,96,35.3,12.9,16,5.9,4.0
416,168,2021," Taylor, Michael A.",346,12.1,30.3,111.5,89.4,92.5,86.7,458,162,405.0,139,40.2,12.7,23,6.6,4.4
274,26,2021," Sanó, Miguel",288,17.6,32.3,117.1,93.4,99.4,87.3,495,185,415.0,161,55.9,16.4,51,17.7,9.6
716,236,2020," Berti, Jon",86,7.2,32.6,109.9,86.6,87.1,86.9,417,130,409.0,29,33.7,14.1,3,3.5,2.0
1472,236,2017," Difo, Wilmer",266,6.7,32.3,110.3,84.5,89.7,80.9,445,142,422.0,68,26.1,9.5,6,2.3,1.6
1441,205,2017," Span, Denard",430,11.0,34.2,108.5,85.3,89.3,83.5,420,164,392.0,108,25.1,12.0,14,3.3,2.6
251,3,2021," Ohtani, Shohei",350,16.6,35.4,119.0,93.6,100.4,85.9,470,197,416.0,187,53.6,15.7,78,22.3,12.2
414,166,2021," Smith, Dominic",340,14.9,40.3,109.5,89.0,92.6,85.6,435,179,400.0,138,40.7,14.3,22,6.5,4.5
603,123,2020," Carpenter, Matt",92,17.1,44.6,106.2,88.1,93.1,79.8,439,204,404.0,33,36.3,11.4,9,9.8,5.3
1294,58,2017," Davis, Chris",265,15.0,40.4,109.8,90.1,95.1,83.9,427,203,395.0,120,45.5,13.2,34,12.8,6.5
577,97,2020," Contreras, Willson",134,9.1,35.8,114.1,89.8,95.4,85.9,451,158,410.0,64,47.8,15.3,14,10.4,6.2
311,63,2021," García, Adolis",391,14.7,29.4,112.4,91.0,96.3,85.7,450,174,398.0,178,45.5,13.1,45,11.5,7.2
1576,84,2016," Posey, Buster",479,9.9,32.6,110.2,90.5,94.4,87.5,423,170,401.0,207,43.2,19.3,33,6.9,5.4
382,134,2021," Arenado, Nolan",504,20.0,34.1,110.6,89.0,92.1,87.4,409,188,387.0,189,37.5,16.5,34,6.7,5.2
536,56,2020," Núñez, Renato",132,21.1,37.9,110.3,86.3,92.6,79.6,422,184,392.0,48,36.4,10.3,16,12.1,7.4
426,178,2021," McCann, James",263,9.3,32.3,112.5,87.3,92.3,84.3,417,147,387.0,107,40.7,13.1,16,6.1,3.9
793,56,2019," Choi, Ji-Man",309,12.8,37.9,110.1,91.2,94.7,87.8,445,186,400.0,132,42.7,15.2,35,11.3,7.2
737,257,2020," Sogard, Eric",96,15.2,43.8,104.6,84.4,85.8,84.0,380,167,380.0,14,14.6,7.4,0,0.0,0.0
1770,37,2015," Correa, Carlos",313,8.3,31.3,115.1,90.0,94.5,87.4,469,158,400.0,127,40.6,15.8,28,8.9,6.5
1343,107,2017," Hicks, Aaron",240,11.7,30.0,109.3,86.7,92.8,82.3,436,180,375.0,78,32.5,13.4,18,7.5,5.0
409,161,2021," Yelich, Christian",289,2.8,29.4,114.9,91.0,96.1,87.5,454,137,409.0,141,48.8,16.9,22,7.6,4.6
1600,108,2016," Mazara, Nomar",411,8.6,32.6,117.8,88.0,91.4,86.2,491,156,416.0,144,35.0,14.3,28,6.8,4.9
680,200,2020," Gardner, Brett",96,15.0,35.4,107.9,89.2,93.6,84.4,412,178,384.0,35,36.5,14.3,5,5.2,3.2
614,134,2020," Shaw, Travis",114,19.8,34.2,112.8,90.9,93.7,89.8,448,198,399.0,51,44.7,15.3,9,7.9,5.0
915,178,2019," Gordon, Alex",463,9.3,33.7,110.6,88.7,92.5,85.5,454,170,399.0,178,38.4,15.7,25,5.4,3.9
1464,228,2017," Margot, Manuel",386,10.4,34.5,109.7,85.3,90.0,81.9,424,173,395.0,111,29.3,12.0,10,2.6,1.9
953,216,2019," Castro, Harold",274,8.5,36.1,105.0,87.2,91.6,83.4,408,148,389.0,77,28.4,10.9,10,3.6,2.7
632,152,2020," Canha, Mark",142,19.4,37.3,108.9,89.7,92.4,86.8,425,198,400.0,56,39.4,13.9,11,7.7,4.5
1315,79,2017," Story, Trevor",313,19.2,37.1,110.1,89.4,93.8,84.7,438,208,407.0,120,38.3,10.9,33,10.5,5.9
183,183,2022," Velazquez, Andrew",203,8.6,31.0,109.1,88.3,93.4,83.4,402,148,381.0,70,34.5,10.4,13,6.4,3.9
1319,83,2017," Seager, Corey",411,11.1,40.4,110.9,89.7,94.9,83.9,450,178,408.0,182,44.3,16.2,35,8.5,5.7
1445,209,2017," Sánchez, Yolmer",384,10.4,32.6,106.5,84.8,89.0,82.0,422,159,399.0,94,24.6,9.3,13,3.4,2.4
171,171,2022," García, Avisaíl",232,2.6,27.2,116.8,88.7,94.4,85.0,443,137,408.0,104,44.8,14.1,15,6.5,4.3
293,45,2021," Sánchez, Gary",262,20.5,34.4,113.4,89.5,95.1,83.8,446,180,406.0,110,42.0,13.5,36,13.7,8.2
549,69,2020," Taylor, Chris",131,9.1,33.6,109.6,88.0,95.8,80.4,446,162,397.0,59,45.0,15.3,15,11.5,7.0
756,19,2019," Kendrick, Howie",290,10.8,36.9,112.4,91.7,94.4,90.4,435,175,411.0,140,48.3,21.1,33,11.4,8.9
301,53,2021," Polanco, Jorge",476,19.3,36.1,109.9,89.4,93.5,83.1,435,188,399.0,178,37.4,14.4,48,10.1,7.5
1861,128,2015," Gómez, Carlos",338,13.6,29.0,111.7,88.2,92.5,86.1,432,175,403.0,112,33.1,11.5,17,5.0,3.6
1084,97,2018," Marte, Starling",454,8.9,31.5,112.0,88.4,94.2,84.9,462,159,399.0,175,38.8,14.2,34,7.5,5.6
1731,239,2016," Marte, Ketel",362,7.0,28.7,113.5,85.8,87.2,87.0,400,136,400.0,72,19.9,8.3,1,0.3,0.2
1977,244,2015," Holt, Brock",363,7.8,31.7,107.2,86.6,88.7,85.9,394,150,388.0,88,24.2,10.4,2,0.6,0.4
1076,89,2018," Chapman, Matt",403,14.9,30.5,115.3,93.1,95.9,93.1,434,182,397.0,192,47.8,18.2,36,8.9,5.8
1915,182,2015," Herrera, Odúbel",372,7.5,33.1,113.3,88.7,91.2,87.6,439,163,410.0,126,33.9,11.7,12,3.2,2.2
273,25,2021," Stanton, Giancarlo",356,10.3,32.6,122.2,95.1,99.3,93.3,472,168,414.0,198,56.3,18.5,56,15.7,9.7
1872,139,2015," Peralta, Jhonny",474,13.4,35.2,109.4,88.2,91.5,85.4,447,173,406.0,161,34.0,13.2,21,4.4,3.3
1675,183,2016," Kinsler, Ian",506,18.3,37.4,105.5,87.1,90.5,83.4,417,200,381.0,156,30.8,13.6,19,3.8,2.8
1174,187,2018," Merrifield, Whit",526,16.9,40.7,106.4,87.0,91.1,83.2,430,183,401.0,163,31.2,12.5,24,4.6,3.4
1056,69,2018," Pham, Tommy",357,6.6,38.7,112.1,93.0,95.3,91.4,454,171,407.0,178,49.9,19.9,36,10.1,6.3
483,3,2020," Soto, Juan",126,4.3,33.3,113.3,92.1,99.5,86.3,466,161,416.0,65,51.6,21.7,23,18.3,11.7
423,175,2021," Castro, Starlin",257,9.2,33.9,111.2,88.4,93.1,85.8,433,148,413.0,103,40.1,17.3,14,5.4,4.0
372,124,2021," Kelly, Carson",235,18.6,37.9,109.2,88.2,92.2,84.1,438,190,396.0,80,34.0,12.9,20,8.5,5.6
999,12,2018," Yelich, Christian",441,5.0,36.7,113.6,92.6,97.2,89.6,441,160,407.0,224,50.8,20.0,57,12.9,8.8
994,7,2018," Grichuk, Randal",305,18.7,35.1,114.1,90.7,95.9,86.9,471,201,403.0,132,43.4,14.5,44,14.4,9.5
860,123,2019," Benintendi, Andrew",409,17.3,39.9,107.7,89.1,91.9,87.4,436,193,389.0,154,37.8,12.3,33,8.1,5.4
707,227,2020," Caratini, Victor",85,6.2,25.9,111.0,87.9,93.4,85.0,398,141,371.0,31,36.5,14.4,3,3.5,2.3
1320,84,2017," Lamb, Jake",389,12.2,34.4,109.4,88.3,93.0,84.1,481,191,407.0,141,36.3,13.8,36,9.3,5.7
1729,237,2016," Ramirez, Alexei",418,9.0,30.9,105.5,84.5,86.9,83.7,403,137,381.0,100,23.9,11.2,2,0.5,0.4
335,87,2021," Hays, Austin",385,12.5,32.2,110.3,88.8,92.9,85.8,421,164,391.0,151,39.2,16.6,35,9.1,6.6
681,201,2020," Marte, Ketel",163,10.0,28.8,115.9,89.2,92.0,90.5,401,151,388.0,66,40.5,21.1,6,3.7,3.1
1824,91,2015," Calhoun, Kole",472,11.6,35.6,108.9,86.2,90.9,81.4,432,181,404.0,152,32.2,12.1,32,6.8,4.7
1044,57,2018," Belt, Brandon",294,23.3,43.9,107.6,87.0,90.5,82.4,429,217,389.0,93,31.6,10.3,31,10.5,6.8
592,112,2020," Betts, Mookie",182,18.5,40.1,108.5,90.7,92.6,88.7,416,200,396.0,79,43.4,21.0,14,7.7,5.7
16,16,2022," Tellez, Rowdy",343,15.3,31.8,116.9,91.2,94.7,90.0,453,178,407.0,158,46.1,17.9,45,13.1,9.0
1354,118,2017," Franco, Maikel",485,11.5,26.6,113.0,88.8,93.6,86.8,431,165,391.0,175,36.2,14.9,29,6.0,4.7
945,208,2019," Gurriel, Yuli",505,14.3,33.5,110.6,89.3,91.4,90.4,450,173,387.0,188,38.1,18.1,18,3.6,2.9
1671,179,2016," Herrera, Odúbel",453,10.3,30.7,113.5,87.7,89.6,87.9,430,168,398.0,140,30.9,10.8,19,4.2,2.9
594,114,2020," Bell, Josh",140,5.9,24.3,114.2,91.7,95.4,90.1,428,134,405.0,60,42.9,15.3,12,8.6,5.4
1905,172,2015," Chisenhall, Lonnie",269,16.5,31.2,108.9,85.7,89.2,85.3,451,173,392.0,82,30.5,11.7,9,3.3,2.5
466,218,2021," Crawford, J.P.",510,9.8,34.1,110.5,86.3,88.3,86.4,430,146,383.0,156,30.6,12.6,12,2.4,1.7
200,200,2022," Cabrera, Miguel",271,4.7,34.7,111.0,90.0,92.0,88.7,426,138,396.0,106,39.1,14.6,13,4.8,3.3
1572,80,2016," Canó, Robinson",560,11.5,32.9,113.4,90.1,93.4,88.5,427,170,394.0,240,42.9,18.6,41,7.3,5.7
1176,189,2018," Mercer, Jordy",311,13.1,40.8,110.1,87.6,90.6,85.4,443,174,402.0,99,31.8,13.3,15,4.8,3.4
1122,135,2018," Gordon, Alex",384,10.9,36.5,109.0,88.5,93.4,84.3,422,170,399.0,152,39.7,14.9,26,6.8,4.6
1287,51,2017," Valbuena, Luis",246,17.2,30.1,108.4,87.5,93.1,82.4,438,196,400.0,82,33.3,10.9,27,11.0,6.7
1001,14,2018," Acuña Jr., Ronald",313,13.1,34.2,113.9,90.9,95.3,87.3,452,181,410.0,146,46.6,15.9,42,13.4,8.6
713,233,2020," Lopes, Tim",109,6.5,29.4,109.1,87.2,92.3,85.3,376,137,374.0,43,39.4,13.9,3,2.8,2.0
1387,151,2017," McCann, Brian",296,14.5,33.8,106.4,87.6,92.5,84.6,425,177,394.0,100,33.8,14.6,16,5.4,4.0
1400,164,2017," Kiermaier, Kevin",286,8.1,28.3,110.9,86.9,91.5,84.4,443,159,410.0,87,30.5,10.8,15,5.2,3.6
1906,173,2015," Escobar, Yunel",468,4.3,29.9,109.5,89.7,91.8,88.9,415,139,396.0,170,36.3,17.1,14,3.0,2.4
555,75,2020," Frazier, Jackson",88,11.6,38.6,108.8,89.4,94.5,82.7,410,180,381.0,38,43.2,15.6,11,12.5,6.9
44,44,2022," Correa, Carlos",321,11.3,36.1,114.6,89.8,94.9,85.9,458,170,412.0,140,43.6,16.9,36,11.2,7.7
275,27,2021," Goldschmidt, Paul",472,17.1,36.9,112.2,92.6,96.6,88.7,470,188,415.0,239,50.6,19.7,64,13.6,9.4
1848,115,2015," Joseph, Caleb",252,16.3,40.5,108.3,87.7,91.3,84.4,426,201,392.0,80,31.7,12.2,14,5.6,4.0
102,102,2022," Rutschman, Adley",247,16.2,35.2,110.9,88.1,93.2,84.4,439,179,402.0,94,38.1,14.7,22,8.9,6.0
1380,144,2017," Haniger, Mitch",277,10.9,36.8,111.2,87.7,93.2,82.5,437,174,400.0,98,35.4,14.6,17,6.1,4.1
1976,243,2015," Burns, Billy",442,8.1,26.9,104.8,83.2,85.3,83.6,424,134,391.0,65,14.7,5.7,2,0.5,0.4
939,202,2019," Arcia, Orlando",393,6.6,26.5,109.9,87.9,91.4,85.9,434,150,393.0,121,31.3,12.1,17,4.3,3.1
108,108,2022," Yelich, Christian",350,4.1,32.0,117.2,91.6,95.5,89.6,499,133,423.0,173,49.4,17.7,32,9.1,5.8
1293,57,2017," Souza Jr., Steven",347,11.7,33.4,116.2,88.8,94.8,83.4,455,181,408.0,133,38.6,12.1,40,11.5,6.5
498,18,2020," Myers, Wil",142,13.4,40.8,109.2,91.0,94.6,87.2,445,191,407.0,65,45.8,18.1,21,14.8,9.6
1964,231,2015," Ramirez, Alexei",522,8.6,32.2,107.2,84.7,88.0,83.4,412,146,386.0,116,22.2,10.9,5,1.0,0.8
862,125,2019," Franco, Maikel",331,14.8,24.2,114.1,89.1,93.4,88.2,433,163,410.0,127,38.4,16.3,23,6.9,5.4
1375,139,2017," Castro, Jason",250,13.2,39.6,109.6,87.2,91.2,83.6,433,177,405.0,80,32.0,10.9,17,6.8,4.2
923,186,2019," Crawford, Brandon",387,8.3,36.7,106.7,87.8,92.8,83.9,443,161,401.0,136,35.1,12.2,21,5.4,3.8
1097,110,2018," Cabrera, Asdrúbal",429,14.6,32.9,108.3,90.0,93.8,87.4,425,178,385.0,167,39.3,15.2,31,7.2,5.2
1284,48,2017," Moustakas, Mike",467,18.2,34.0,112.9,87.4,92.3,85.0,440,197,397.0,157,33.8,12.6,40,8.6,6.7
753,16,2019," Abreu, José",492,10.9,35.2,117.9,92.1,96.1,89.6,447,168,404.0,237,48.2,17.5,63,12.8,9.1
1645,153,2016," Reynolds, Mark",283,12.2,33.2,111.8,87.9,92.3,84.1,484,167,413.0,105,37.1,12.5,17,6.0,3.9
73,73,2022," Naylor, Josh",307,10.5,29.0,113.0,89.2,94.6,85.9,421,151,393.0,130,42.3,17.9,27,8.8,6.8
1135,148,2018," Turner, Trea",534,9.3,28.8,112.3,89.1,92.5,87.3,427,158,396.0,206,38.6,16.0,31,5.8,4.2
1897,164,2015," Lindor, Francisco",341,6.3,27.3,110.4,89.9,92.5,88.2,405,147,375.0,125,36.7,15.5,12,3.5,2.7
1311,75,2017," Broxton, Keon",241,10.3,39.0,109.8,87.2,92.8,80.9,449,183,403.0,84,34.9,9.5,28,11.6,6.0
618,138,2020," Hampson, Garrett",111,14.4,38.7,105.6,86.3,89.1,82.8,428,177,410.0,26,23.4,7.8,9,8.1,4.9
482,2,2020," Seager, Corey",177,11.9,38.4,113.1,93.2,98.3,86.3,447,193,411.0,99,55.9,22.0,28,15.8,12.1
1783,50,2015," McCutchen, Andrew",442,13.9,41.0,111.4,90.6,95.0,85.5,447,197,404.0,197,44.6,16.3,41,9.3,6.0
507,27,2020," Cruz, Nelson",127,9.4,39.4,114.4,91.6,98.0,86.1,448,168,417.0,60,47.2,14.9,19,15.0,8.9
765,28,2019," Encarnación, Edwin",318,22.5,34.3,113.0,90.2,94.6,87.5,442,206,401.0,134,42.9,14.3,41,12.9,8.4
814,77,2019," Dozier, Hunter",380,16.7,35.8,115.1,91.1,94.2,89.2,453,201,401.0,163,42.9,16.2,38,10.0,6.5
1973,240,2015," Markakis, Nick",530,6.8,30.6,108.5,88.3,89.6,88.7,418,151,413.0,178,33.6,15.8,4,0.8,0.6
1798,65,2015," Bruce, Jay",444,15.6,34.2,111.4,89.7,92.9,86.4,457,195,404.0,167,37.6,13.6,36,8.1,5.5
1223,236,2018," Grossman, Robbie",320,15.1,34.1,108.6,87.1,89.7,86.2,422,173,394.0,89,28.4,11.9,7,2.2,1.5
1921,188,2015," Kipnis, Jason",468,9.2,35.9,106.4,89.4,92.6,86.7,435,171,389.0,180,38.5,16.4,13,2.8,2.0
312,64,2021," Miller, Brad",219,12.9,31.1,113.9,92.4,96.0,90.0,443,164,401.0,105,47.9,15.0,27,12.3,7.2
809,72,2019," Dahl, David",271,11.2,40.6,107.1,88.7,93.9,82.4,447,189,405.0,107,39.5,12.8,28,10.3,6.8
406,158,2021," Rosario, Eddie",324,15.5,34.3,108.4,88.5,93.1,84.0,423,173,392.0,116,35.8,14.4,19,5.9,4.6
1742,9,2015," Bautista, José",445,16.9,29.9,116.3,92.0,95.6,90.9,451,202,408.0,203,45.6,18.8,56,12.6,8.4
1133,146,2018," Votto, Joey",405,13.4,45.9,107.5,88.1,92.5,81.4,417,192,383.0,142,35.1,14.3,27,6.7,4.3
310,62,2021," Gurriel Jr., Lourdes",405,10.5,35.8,110.7,89.7,94.3,86.3,460,165,399.0,174,43.0,16.5,39,9.6,7.2
227,227,2022," Stallings, Jacob",226,12.2,31.9,109.5,86.5,89.7,85.2,398,156,380.0,74,32.7,13.2,7,3.1,2.1
1684,192,2016," Davis, Rajai",351,14.5,29.9,107.7,86.5,89.8,84.8,426,163,399.0,105,29.9,11.0,12,3.4,2.4
1288,52,2017," Encarnación, Edwin",426,16.8,36.4,112.0,89.2,94.2,84.1,466,195,405.0,181,42.5,14.7,44,10.3,6.6
1515,23,2016," Morales, Kendrys",443,11.3,34.5,115.6,92.8,96.4,89.8,459,190,410.0,221,49.9,18.7,48,10.8,7.8
807,70,2019," Pederson, Joc",341,15.6,31.4,113.7,91.2,96.1,88.0,454,179,399.0,146,43.5,15.4,35,10.3,6.8
1520,28,2016," Tomás, Yasmany",395,10.0,33.7,114.3,90.6,95.1,87.4,460,189,407.0,166,42.0,14.6,42,10.6,7.5
149,149,2022," Giménez, Andrés",320,13.2,32.5,109.9,87.7,92.2,85.8,422,150,402.0,122,38.1,13.7,22,6.9,4.8
612,132,2020," O'Neill, Tyler",97,15.1,23.7,107.4,88.0,95.4,79.8,438,174,404.0,38,39.2,13.4,8,8.2,5.1
1556,64,2016," Braun, Ryan",416,4.6,27.2,114.7,90.0,94.5,88.2,450,154,403.0,162,38.9,15.1,35,8.4,6.2
813,76,2019," Santana, Carlos",467,11.7,29.1,112.8,91.8,93.5,91.9,426,171,396.0,209,44.9,19.0,45,9.6,6.6
799,62,2019," Muncy, Max",342,14.5,38.9,110.1,89.8,94.4,84.7,464,195,404.0,147,43.4,14.2,41,12.0,7.0
818,81,2019," Semien, Marcus",556,14.9,34.0,108.2,88.9,93.3,85.5,438,182,401.0,209,38.1,16.7,47,8.5,6.3
576,96,2020," Bogaerts, Xander",163,8.7,31.3,112.5,89.0,94.9,83.6,440,169,408.0,60,36.8,14.2,14,8.6,6.2
558,78,2020," Cooper, Garrett",89,9.5,39.3,109.7,90.1,92.5,87.4,455,172,419.0,37,41.6,16.4,9,10.1,6.8
1461,225,2017," Grossman, Robbie",307,12.2,37.1,109.8,86.4,89.9,83.8,422,178,400.0,82,26.8,11.7,9,2.9,2.0
1145,158,2018," Travis, Devon",293,7.8,31.4,111.5,88.4,92.1,87.2,428,147,393.0,110,37.8,16.3,15,5.1,4.0
1334,98,2017," Hosmer, Eric",501,3.9,30.3,118.0,89.8,94.2,87.8,458,150,402.0,196,39.4,16.2,35,7.0,5.2
1982,249,2015," Revere, Ben",536,5.1,34.9,111.4,83.1,86.0,81.3,389,133,367.0,78,14.6,8.2,0,0.0,0.0
1474,238,2017," LeMahieu, DJ",527,3.3,31.7,109.2,89.3,92.5,87.6,433,138,390.0,218,41.4,19.6,10,1.9,1.5
287,39,2021," Soto, Juan",414,5.8,29.7,116.6,93.0,98.1,89.4,454,148,399.0,218,52.7,23.9,55,13.3,8.4
1735,2,2015," Grichuk, Randal",214,16.3,34.1,112.0,92.2,98.0,88.1,438,203,409.0,99,46.3,13.8,36,16.8,10.3
723,243,2020," Crawford, J.P.",167,11.5,34.1,110.1,85.8,89.3,85.1,420,154,394.0,52,31.1,13.5,3,1.8,1.3
1425,189,2017," Utley, Chase",255,11.0,36.9,107.7,86.9,91.7,81.5,424,187,398.0,72,28.5,13.9,11,4.3,3.1
783,46,2019," Mazara, Nomar",327,10.7,33.9,114.6,89.1,93.9,86.1,505,172,416.0,127,39.3,13.1,35,10.7,7.5
1623,131,2016," Betts, Mookie",599,12.5,31.7,114.7,89.7,92.6,89.8,428,175,388.0,239,39.9,21.4,31,5.2,4.2
1573,81,2016," Bradley Jr., Jackie",420,10.1,29.0,109.1,90.3,94.5,87.6,430,170,398.0,165,39.3,14.6,36,8.6,5.7
1426,190,2017," Gregorius, Didi",471,17.7,35.5,106.2,84.5,88.5,82.0,429,186,377.0,98,20.9,8.1,17,3.6,3.0
1607,115,2016," Espinosa, Danny",353,14.8,26.3,112.2,90.1,94.8,86.2,421,183,399.0,118,33.4,10.4,29,8.2,4.8
789,52,2019," Contreras, Willson",260,7.5,31.2,113.1,88.5,94.7,84.3,463,167,408.0,108,41.5,13.8,30,11.5,7.3
916,179,2019," Galvis, Freddy",415,14.7,31.8,105.6,88.8,91.3,87.4,434,177,388.0,151,36.4,12.1,23,5.5,3.9
1008,21,2018," Goldschmidt, Paul",420,15.7,37.1,112.9,90.8,95.9,87.0,450,191,400.0,185,44.0,15.0,57,13.6,8.3
1194,207,2018," Hernández, César",454,11.5,30.0,109.4,85.8,88.8,84.5,441,159,393.0,129,28.6,11.2,19,4.2,2.7
1211,224,2018," Gardner, Brett",432,9.4,30.6,110.1,88.0,91.7,86.4,426,156,386.0,142,32.9,15.2,12,2.8,2.0
610,130,2020," Bradley Jr., Jackie",144,4.3,28.5,112.4,88.4,93.2,85.0,447,142,407.0,52,36.4,13.7,11,7.6,5.1
1236,249,2018," Strange-Gordon, Dee",490,5.8,30.2,104.7,83.2,85.1,82.3,388,130,365.0,61,12.5,5.6,1,0.2,0.2
781,44,2019," Gurriel Jr., Lourdes",232,14.4,33.6,109.6,90.4,95.6,86.8,452,188,408.0,105,45.3,16.1,26,11.2,7.6
1791,58,2015," Machado, Manny",528,12.8,29.7,114.9,91.4,94.4,90.6,440,179,399.0,220,41.7,18.2,40,7.6,5.6
988,1,2018," Gallo, Joey",293,21.9,37.5,117.5,94.3,99.9,86.3,495,225,410.0,145,49.5,12.7,66,22.5,11.4
494,14,2020," Castellanos, Nick",150,16.5,39.3,108.5,91.0,95.0,86.2,433,201,409.0,70,46.7,14.0,24,16.0,9.9
1930,197,2015," Goins, Ryan",305,4.6,26.9,106.5,87.3,90.2,86.2,425,136,385.0,98,32.1,14.0,8,2.6,1.9
278,30,2021," Suárez, Eugenio",339,18.3,33.0,111.9,89.1,93.9,84.7,452,190,406.0,135,39.8,13.2,51,15.0,8.9
1832,99,2015," Rosario, Eddie",341,14.5,30.8,106.2,87.7,91.7,84.0,433,185,400.0,105,30.8,10.5,21,6.2,4.4
359,111,2021," Hernández, Enrique",405,17.9,36.5,111.3,90.8,93.7,88.1,434,191,393.0,175,43.2,17.3,34,8.4,5.8
1101,114,2018," Gyorko, Jedd",278,15.2,35.6,107.7,87.3,92.1,81.8,425,181,390.0,88,31.7,12.0,21,7.6,5.2
237,237,2022," Gurriel, Yuli",400,14.6,30.8,107.1,88.2,90.6,89.1,401,161,377.0,141,35.3,16.2,8,2.0,1.6
552,72,2020," Olson, Matt",133,19.6,30.1,112.5,92.3,96.7,90.0,454,187,413.0,61,45.9,14.3,17,12.8,6.9
1853,120,2015," Sandoval, Pablo",400,9.9,28.7,114.0,88.1,91.8,87.2,430,160,395.0,134,33.5,12.3,19,4.8,3.8
1621,129,2016," Polanco, Gregory",415,14.0,34.5,113.7,89.9,94.0,87.7,461,184,399.0,166,40.0,15.0,25,6.0,4.3
209,209,2022," Wong, Kolten",297,13.0,34.3,108.6,87.6,89.8,86.6,415,159,384.0,107,36.0,14.4,13,4.4,3.1
1562,70,2016," Piscotty, Stephen",452,13.7,33.2,110.7,88.3,92.9,85.1,450,176,411.0,171,37.8,13.2,39,8.6,6.0
1546,54,2016," Miller, Brad",402,12.0,29.6,113.1,90.6,94.3,90.0,446,181,406.0,171,42.5,15.0,39,9.7,6.5
59,59,2022," Hoskins, Rhys",361,18.4,37.4,112.2,90.1,94.2,85.7,441,185,392.0,157,43.5,15.4,42,11.6,7.3
1570,78,2016," McCutchen, Andrew",458,16.5,32.3,111.4,89.6,94.1,86.4,439,195,395.0,191,41.7,15.1,39,8.5,5.8
1845,112,2015," Cabrera, Asdrúbal",405,17.3,32.1,106.7,88.3,92.2,85.8,446,188,393.0,131,32.3,11.7,22,5.4,4.0
1563,71,2016," Rupp, Cameron",276,9.0,28.6,113.6,91.3,94.9,88.9,465,169,409.0,130,47.1,17.1,25,9.1,6.0
364,116,2021," Chisholm Jr., Jazz",324,9.0,28.7,112.1,90.2,94.7,87.0,446,152,410.0,136,42.0,14.1,29,9.0,5.7
506,26,2020," Sánchez, Gary",92,19.2,29.3,117.5,91.8,99.0,85.9,457,188,405.0,46,50.0,13.6,16,17.4,9.0
1579,87,2016," Martin, Russell",313,10.0,29.4,110.7,89.2,93.8,86.2,444,168,398.0,126,40.3,14.2,29,9.3,5.4
1112,125,2018," Rizzo, Anthony",495,14.7,36.2,112.6,90.1,93.2,88.4,453,185,404.0,200,40.6,17.1,32,6.5,4.8
1589,97,2016," Correa, Carlos",441,7.0,32.9,118.2,91.0,95.0,88.6,462,157,408.0,192,43.5,16.3,34,7.7,5.2
1418,182,2017," Brantley, Michael",292,9.9,33.9,110.2,88.4,91.8,87.0,423,159,401.0,105,36.1,17.1,12,4.1,3.2
1815,82,2015," Napoli, Mike",290,15.6,29.0,111.6,88.5,94.3,83.9,448,185,402.0,111,38.3,12.9,24,8.3,5.1
1537,45,2016," Gyorko, Jedd",305,14.9,36.1,108.2,87.7,93.2,82.2,456,190,402.0,110,36.1,13.3,30,9.8,6.8
938,201,2019," Robles, Victor",417,16.7,33.8,110.5,83.3,88.6,78.1,446,163,401.0,96,23.0,8.4,20,4.8,3.2
119,119,2022," Ruf, Darin",215,14.9,35.3,112.1,89.6,94.3,86.2,429,176,397.0,90,41.9,14.8,20,9.3,5.5
1238,2,2017," Martinez, J.D.",308,15.4,37.7,114.8,91.0,97.1,84.4,461,210,412.0,151,49.3,15.4,60,19.5,12.3
1305,69,2017," Thames, Eric",306,12.8,36.3,112.0,88.2,94.1,82.1,436,194,392.0,120,39.3,11.9,34,11.1,6.2
523,43,2020," Reyes, Franmil",147,11.2,31.3,114.7,92.4,97.5,89.4,462,160,422.0,66,44.9,14.6,19,12.9,7.9
514,34,2020," Moran, Colin",127,8.3,32.3,112.0,91.9,96.6,89.9,450,144,410.0,60,47.2,14.9,17,13.4,8.5
82,82,2022," Urías, Ramón",282,11.6,31.9,110.0,89.8,94.0,87.5,432,153,403.0,133,47.2,18.2,26,9.2,6.6
1325,89,2017," Myers, Wil",394,15.4,35.3,112.5,89.4,95.3,85.4,461,191,407.0,175,44.6,14.8,36,9.1,5.5
1881,148,2015," Cuddyer, Michael",292,7.8,31.2,110.4,87.5,92.6,84.4,434,160,407.0,90,30.8,11.5,13,4.5,3.2
381,133,2021," Moran, Colin",234,7.2,34.2,110.2,89.1,93.5,85.6,432,148,392.0,87,37.2,12.8,19,8.1,5.3
1458,222,2017," Polanco, Jorge",423,16.3,31.4,107.0,85.0,89.1,81.4,428,176,392.0,109,25.8,12.0,11,2.6,2.0
1674,182,2016," Guyer, Brandon",240,13.9,32.9,106.9,87.3,90.3,85.5,420,174,388.0,67,27.9,11.1,10,4.2,2.9
85,85,2022," Varsho, Daulton",332,14.7,33.4,110.3,87.8,94.3,82.4,451,169,406.0,122,36.7,12.6,32,9.6,6.5
1663,171,2016," Alonso, Yonder",412,11.2,33.3,110.6,88.6,92.2,87.1,431,166,392.0,154,37.4,17.6,17,4.1,3.2
330,82,2021," Pederson, Joc",317,14.1,31.2,113.6,91.0,96.3,86.4,435,174,408.0,151,47.6,16.1,32,10.1,6.7
7,7,2022," Riley, Austin",386,13.9,39.1,115.9,92.8,97.7,87.5,441,190,411.0,202,52.3,17.4,64,16.6,10.9
1707,215,2016," Gardner, Brett",450,7.4,27.8,107.2,86.5,89.8,84.6,420,141,399.0,108,24.0,11.2,11,2.4,1.7
1890,157,2015," Blackmon, Charlie",511,15.0,35.4,110.1,86.8,89.9,85.0,436,186,396.0,148,29.0,12.7,19,3.7,2.8
1264,28,2017," Bellinger, Cody",337,17.5,35.3,112.8,90.8,96.6,84.7,447,199,404.0,153,45.7,15.5,41,12.2,7.5
1583,91,2016," García, Avisaíl",300,5.4,31.3,117.1,90.2,95.2,87.4,465,149,414.0,120,40.0,12.7,24,8.0,5.3
452,204,2021," Kiermaier, Kevin",253,1.1,29.6,107.9,86.6,91.3,84.5,406,130,376.0,92,36.4,11.9,10,4.0,2.6
491,11,2020," Perez, Salvador",115,14.2,41.7,110.4,91.0,94.4,86.5,447,198,415.0,54,47.0,16.3,16,13.9,10.3
1467,231,2017," Galvis, Freddy",503,15.2,32.8,106.0,86.3,90.1,82.9,417,179,387.0,118,23.5,9.1,12,2.4,1.8
288,40,2021," Haase, Eric",234,16.0,35.9,113.2,90.9,95.7,86.9,442,183,407.0,112,47.9,15.1,32,13.7,8.4
1323,87,2017," Lindor, Francisco",566,14.6,32.2,111.7,89.1,92.8,85.4,456,192,401.0,203,35.9,15.7,40,7.1,5.5
1969,236,2015," Aoki, Norichika",331,1.8,24.8,104.9,85.4,88.1,84.6,388,130,371.0,65,19.6,9.9,3,0.9,0.8
1766,33,2015," Arenado, Nolan",517,16.3,33.7,110.2,90.6,94.2,87.8,456,200,411.0,208,40.2,16.9,43,8.3,6.5
1030,43,2018," Bogaerts, Xander",417,12.6,32.9,111.9,90.6,95.1,87.8,436,169,407.0,174,41.8,17.0,41,9.8,7.1
1279,43,2017," Schebler, Scott",353,11.6,30.0,111.2,89.1,95.6,85.3,457,172,405.0,144,40.8,14.5,36,10.2,6.8
1234,247,2018," Jankowski, Travis",276,3.3,26.8,104.3,85.6,85.6,86.5,415,119,385.0,52,19.3,8.1,2,0.7,0.5
1687,195,2016," Gregorius, Didi",490,14.6,32.4,108.8,86.1,88.6,85.5,402,172,373.0,124,25.3,10.8,14,2.9,2.3
782,45,2019," Moustakas, Mike",427,17.4,32.3,112.9,89.5,93.8,87.0,459,193,402.0,173,40.8,15.5,44,10.3,7.5
1979,246,2015," Peña, Brayan",302,8.0,24.8,104.9,85.6,86.9,85.8,378,137,,52,17.2,8.9,1,0.3,0.3
901,164,2019," Walker, Neil",261,11.7,40.6,106.2,86.2,89.1,83.5,428,177,400.0,81,31.0,11.6,17,6.5,4.5
1079,92,2018," Alfaro, Jorge",207,8.4,35.3,116.6,91.7,94.5,90.0,446,166,420.0,91,44.2,11.2,22,10.6,5.8
1636,144,2016," Gómez, Carlos",278,11.1,29.9,112.3,87.8,93.4,84.0,445,152,411.0,89,32.0,9.6,18,6.5,4.0
328,80,2021," Benintendi, Andrew",403,15.4,38.2,107.6,89.6,93.9,83.8,420,187,391.0,174,43.2,16.2,36,8.9,6.7
443,195,2021," Wendle, Joey",350,6.2,30.6,108.7,87.9,91.8,84.9,451,152,390.0,121,34.6,13.5,16,4.6,3.2
1002,15,2018," Judge, Aaron",266,12.4,35.7,119.9,94.7,97.7,92.1,471,183,397.0,144,54.1,16.8,43,16.2,8.6
1432,196,2017," Spangenberg, Cory",319,9.9,35.4,108.8,87.1,91.6,83.5,432,156,406.0,91,29.0,10.2,14,4.4,2.9
905,168,2019," Dozier, Brian",312,19.0,32.1,106.6,88.5,92.9,84.6,435,189,394.0,110,35.4,13.7,21,6.7,4.4
858,121,2019," Kelly, Carson",236,14.3,39.8,109.1,88.9,92.4,85.3,428,190,399.0,95,40.4,14.4,20,8.5,5.5
178,178,2022," Díaz, Elias",224,10.4,28.6,111.8,88.6,92.9,88.0,445,152,406.0,87,38.8,14.1,13,5.8,4.1
722,242,2020," Díaz, Yandy",97,-7.9,24.7,113.0,88.3,92.9,86.1,426,101,385.0,30,30.9,14.7,2,2.1,1.4
944,207,2019," Cain, Lorenzo",460,6.9,31.1,110.4,89.5,91.6,89.2,433,148,403.0,190,42.1,16.9,19,4.1,3.0
87,87,2022," Peralta, David",279,16.2,34.8,113.0,90.2,93.5,88.2,452,183,411.0,122,43.7,15.9,27,9.7,6.5
1395,159,2017," Valencia, Danny",336,8.9,31.5,114.0,88.2,92.8,86.2,434,159,404.0,125,37.5,14.6,19,5.7,3.8
1883,150,2015," Lucroy, Jonathan",314,9.7,36.0,110.3,88.8,92.1,86.0,417,174,406.0,106,33.8,14.6,13,4.1,3.1
458,210,2021," Escobar, Alcides",267,11.1,36.3,105.7,81.7,85.9,77.8,410,145,400.0,56,21.0,7.8,8,3.0,2.3
1814,81,2015," Morrison, Logan",379,11.7,29.0,113.6,89.9,92.3,89.2,442,171,399.0,143,37.7,15.4,26,6.9,5.1
55,55,2022," Ward, Taylor",302,15.8,39.4,109.7,89.4,93.3,86.3,425,190,402.0,122,40.5,16.3,34,11.3,7.4
1488,252,2017," Jay, Jon",304,10.3,40.1,104.4,85.7,87.0,84.9,394,153,376.0,69,22.7,7.8,2,0.7,0.5
644,164,2020," Escobar, Eduardo",164,18.1,34.8,106.7,88.6,90.3,87.3,415,172,394.0,52,31.7,12.5,9,5.5,4.1
678,198,2020," Reddick, Josh",147,19.1,34.7,106.7,85.9,88.6,84.9,413,173,408.0,43,29.3,11.1,7,4.8,3.3
222,222,2022," Hayes, Ke'Bryan",322,6.1,30.1,113.0,91.1,93.3,91.7,416,144,390.0,152,47.2,19.0,12,3.7,2.6
114,114,2022," Santana, Carlos",284,15.5,31.0,111.3,90.5,93.3,89.5,434,169,400.0,124,43.7,17.4,23,8.1,5.6
1818,85,2015," Moustakas, Mike",482,15.2,30.3,112.5,89.4,91.9,89.1,442,185,404.0,176,36.5,15.3,31,6.4,5.0
1217,230,2018," Escobar, Alcides",423,10.6,30.0,105.5,84.6,88.2,82.1,398,155,386.0,91,21.5,9.0,9,2.1,1.7
1357,121,2017," Flores, Wilmer",288,17.0,36.8,108.1,87.5,91.6,84.2,414,194,389.0,97,33.9,12.8,17,5.9,4.7
175,175,2022," Marsh, Brandon",215,10.3,37.7,109.0,88.7,92.6,84.4,449,166,411.0,78,36.3,11.0,16,7.4,4.2
766,29,2019," Tellez, Rowdy",257,14.0,37.0,115.2,90.7,94.5,87.2,455,191,406.0,107,41.6,13.6,34,13.2,8.3
590,110,2020," Votto, Joey",143,15.4,36.4,113.2,87.4,92.6,80.5,442,190,396.0,51,35.7,15.3,13,9.1,5.8
1545,53,2016," Yelich, Christian",445,2.7,31.9,113.6,92.6,96.7,90.5,451,146,404.0,222,49.9,20.3,43,9.7,6.5
19,19,2022," Guerrero Jr., Vladimir",440,4.7,29.3,118.4,93.0,98.3,90.5,467,147,407.0,226,51.4,21.2,52,11.8,8.8
424,176,2021," Cabrera, Asdrúbal",233,14.5,30.0,106.6,87.8,92.7,84.1,409,165,392.0,72,30.9,10.9,14,6.0,4.0
1330,94,2017," Gyorko, Jedd",328,15.5,32.3,110.6,86.4,92.6,81.3,450,179,394.0,102,31.5,11.1,26,7.9,5.4
286,38,2021," Martinez, J.D.",425,16.9,41.2,113.2,92.1,95.3,88.1,444,195,398.0,210,49.4,16.1,53,12.5,8.4
1569,77,2016," Dozier, Brian",484,18.8,31.2,107.7,88.1,94.3,82.3,454,190,400.0,175,36.2,14.4,40,8.3,5.8
429,181,2021," Herrera, Odúbel",379,7.3,32.5,113.0,88.9,92.2,88.3,434,145,413.0,152,40.1,15.6,18,4.7,3.7
1737,4,2015," Davis, Chris",370,17.5,39.7,113.2,92.0,96.5,86.1,458,215,404.0,170,45.9,12.9,64,17.3,9.6
1332,96,2017," Dickerson, Corey",438,13.9,35.6,112.9,87.2,91.1,83.5,449,182,401.0,138,31.7,9.4,33,7.5,5.3
670,190,2020," Frazier, Todd",115,20.5,33.0,108.1,87.8,93.8,81.7,429,191,392.0,36,31.3,11.5,6,5.2,3.5
32,32,2022," Acuña Jr., Ronald",279,10.6,33.0,116.6,91.4,96.1,88.2,464,153,437.0,144,51.6,17.2,36,12.9,8.2
941,204,2019," Mercado, Oscar",365,14.9,33.2,109.5,88.0,90.9,86.0,407,180,385.0,124,34.2,13.9,15,4.1,3.1
1753,20,2015," Cabrera, Miguel",349,12.2,35.8,115.6,93.8,97.4,91.1,454,183,410.0,186,53.3,20.9,37,10.6,7.2
215,215,2022," Espinal, Santiago",354,13.9,35.0,107.5,86.2,88.6,86.7,407,152,383.0,112,31.6,13.7,13,3.7,2.9
1771,38,2015," Cron, C.J.",299,11.9,32.1,113.9,88.3,93.6,85.6,456,174,410.0,107,35.8,13.8,26,8.7,6.5
327,79,2021," Abreu, José",433,10.4,31.2,115.6,92.0,95.3,90.0,458,161,402.0,213,49.3,16.9,44,10.2,6.7
561,81,2020," Guerrero Jr., Vladimir",183,4.6,29.5,116.1,92.5,94.6,91.7,415,142,396.0,93,50.8,21.4,16,8.7,6.6
1103,116,2018," Arenado, Nolan",475,15.3,35.4,109.2,89.8,94.4,86.1,464,184,408.0,192,40.5,14.9,34,7.2,5.1
701,221,2020," Profar, Jurickson",155,11.0,34.8,107.7,87.2,89.8,86.3,421,156,392.0,43,27.7,10.9,5,3.2,2.5
734,254,2020," Akiyama, Shogo",121,2.9,34.7,104.0,85.1,90.8,80.8,385,133,,32,26.4,9.1,1,0.8,0.5
1179,192,2018," Andrus, Elvis",331,8.7,30.8,109.7,87.2,90.0,86.3,428,152,404.0,101,30.5,12.7,14,4.2,3.3
342,94,2021," Grichuk, Randal",401,16.1,30.4,113.8,89.8,93.5,88.6,459,167,403.0,165,41.1,15.7,34,8.5,6.2
630,150,2020," Arenado, Nolan",166,19.1,27.1,108.9,87.8,92.5,85.4,441,180,412.0,56,33.7,17.0,9,5.4,4.5
148,148,2022," Happ, Ian",356,9.9,29.5,113.9,89.4,94.3,86.1,429,154,389.0,144,40.7,13.7,26,7.3,4.8
1310,74,2017," Taylor, Michael A.",265,12.4,35.1,112.7,87.5,94.3,82.5,439,180,401.0,100,38.3,12.4,26,9.8,6.0
361,113,2021," Turner, Justin",441,19.2,36.5,109.8,90.9,93.3,89.0,425,192,394.0,187,42.4,17.1,35,7.9,5.7
84,84,2022," Torres, Gleyber",336,18.1,36.6,110.4,90.1,94.1,85.6,438,188,381.0,148,44.2,16.1,31,9.2,6.5
49,49,2022," Duvall, Adam",188,23.4,36.2,110.1,88.3,93.5,81.1,456,193,399.0,77,41.0,12.5,24,12.8,7.6
469,221,2021," Ahmed, Nick",333,10.1,27.6,109.5,87.2,90.5,85.8,419,145,399.0,93,27.9,10.5,8,2.4,1.7
156,156,2022," Semien, Marcus",456,19.6,31.1,110.1,86.9,91.3,83.7,418,182,393.0,149,32.7,13.6,28,6.1,4.6
757,20,2019," Bellinger, Cody",455,17.9,39.6,110.6,91.1,95.0,86.4,442,207,405.0,207,45.9,17.3,58,12.7,8.8
1836,103,2015," Beltrán, Carlos",399,15.6,34.1,112.8,90.6,93.1,89.7,434,198,384.0,167,41.9,17.8,23,5.8,4.3
1190,203,2018," Maybin, Cameron",269,7.9,34.6,111.0,86.7,90.7,84.1,429,153,416.0,89,33.1,14.2,11,4.1,2.9
1594,102,2016," Forsythe, Logan",386,13.6,38.9,109.4,90.0,93.5,86.4,432,186,397.0,150,38.9,16.1,29,7.5,5.1
1878,145,2015," Brantley, Michael",483,9.5,36.0,110.1,89.0,92.0,87.4,420,167,389.0,175,36.2,19.3,19,3.9,3.2
1616,124,2016," Granderson, Curtis",420,18.7,33.8,109.1,87.8,91.6,83.5,442,192,388.0,139,33.1,14.2,29,6.9,4.6
501,21,2020," Bichette, Bo",96,12.0,37.5,109.2,89.2,95.9,84.5,435,177,403.0,39,40.6,14.5,12,12.5,9.4
1197,210,2018," Barnhart, Tucker",370,12.4,35.1,106.6,87.1,90.9,84.9,421,162,382.0,112,30.3,12.5,13,3.5,2.5
180,180,2022," Trevino, Jose",237,13.0,28.3,109.4,88.1,91.8,85.6,423,159,393.0,85,35.9,15.8,12,5.1,4.0
1048,61,2018," Freeman, Freddie",492,14.5,44.7,109.6,89.1,93.7,83.0,441,190,402.0,196,39.8,13.2,46,9.3,6.5
1005,18,2018," Palka, Daniel",264,11.6,28.0,118.4,92.3,97.4,90.1,448,172,410.0,129,49.0,14.3,38,14.4,8.5
775,38,2019," Martinez, J.D.",442,12.5,40.7,112.6,91.3,95.1,87.5,434,191,402.0,208,47.9,17.1,52,11.8,7.9
1946,213,2015," Ramírez, José",283,11.9,27.9,106.7,86.7,88.0,86.9,447,163,402.0,68,24.0,11.7,5,1.8,1.4
1605,113,2016," Goldschmidt, Paul",437,11.0,33.0,112.0,91.0,94.9,88.5,439,176,411.0,186,42.6,16.1,34,7.8,4.8
529,49,2020," Encarnación, Edwin",106,22.8,29.2,112.9,85.4,92.4,79.1,448,186,408.0,35,33.0,9.7,14,13.2,7.7
347,99,2021," Aguilar, Jesús",363,19.0,34.7,110.6,89.6,92.5,87.4,444,193,399.0,149,41.0,16.1,31,8.5,6.1
1478,242,2017," Aybar, Erick",281,7.5,30.2,105.2,82.7,87.4,79.4,413,144,388.0,44,15.8,6.8,5,1.8,1.4
1944,211,2015," Venable, Will",257,3.9,26.8,115.2,87.0,88.7,87.4,424,125,397.0,86,33.5,12.4,6,2.3,1.5
1042,55,2018," Choo, Shin-Soo",407,6.1,35.9,109.5,89.3,95.2,84.1,447,164,404.0,165,40.5,14.6,45,11.1,6.8
1956,223,2015," Loney, James",330,12.1,34.8,109.7,85.5,86.9,85.5,411,163,393.0,71,21.5,11.3,4,1.2,1.0
989,2,2018," Davis, Khris",408,18.1,37.7,112.8,92.5,97.2,87.7,438,211,405.0,195,48.1,15.7,70,17.2,10.7
602,122,2020," Rizzo, Anthony",167,16.7,34.7,114.5,87.7,93.0,85.4,430,172,386.0,58,34.7,13.8,13,7.8,5.3
1041,54,2018," Martínez, José",435,8.1,37.5,113.8,91.0,94.1,88.3,436,170,404.0,194,44.6,18.9,41,9.4,6.9
244,244,2022," Frazier, Adam",419,13.3,37.9,105.1,85.3,89.2,82.4,391,159,344.0,104,24.8,11.2,5,1.2,0.9
1937,204,2015," Hill, Aaron",267,12.3,36.3,105.1,88.3,91.3,86.0,437,199,403.0,79,29.6,14.0,6,2.2,1.7
1059,72,2018," Villanueva, Christian",248,20.8,33.5,110.0,86.7,90.6,85.2,434,188,392.0,75,31.3,8.8,24,9.7,6.3
1462,226,2017," Ellsbury, Jacoby",295,10.0,33.2,108.4,85.6,90.1,83.1,420,164,375.0,75,25.4,11.1,8,2.7,2.0
313,65,2021," Grandal, Yasmani",203,14.2,32.5,112.0,93.1,98.3,89.2,457,177,404.0,108,53.2,20.3,27,13.3,7.2
436,188,2021," Grisham, Trent",348,12.3,30.7,109.4,88.8,93.1,85.5,419,162,386.0,128,36.8,14.6,18,5.2,3.4
1882,149,2015," Duffy, Matt",481,7.5,32.4,106.4,88.0,90.5,86.4,431,152,391.0,154,32.0,14.8,19,4.0,3.1
1299,63,2017," Seager, Kyle",474,21.0,35.2,109.1,88.3,92.1,84.5,433,207,396.0,160,33.9,14.5,41,8.6,6.3
309,61,2021," Bichette, Bo",507,7.3,33.5,115.5,91.4,94.6,90.0,468,153,401.0,241,47.5,16.0,50,9.9,7.2
431,183,2021," Narváez, Omar",313,17.9,40.3,107.9,84.6,89.3,78.8,415,182,395.0,80,25.6,9.4,16,5.1,3.6
661,181,2020," Brantley, Michael",142,10.2,34.5,105.3,88.7,92.2,85.9,401,165,375.0,53,37.3,18.4,7,4.9,3.7
371,123,2021," Toro, Abraham",283,13.7,29.7,109.0,86.8,90.1,84.1,430,172,382.0,96,33.9,13.3,21,7.4,5.6
567,87,2020," Renfroe, Hunter",86,17.5,23.3,111.9,89.6,96.5,85.7,445,167,406.0,34,39.5,14.3,9,10.5,6.5
1429,193,2017," Arcia, Orlando",411,6.8,28.7,107.3,85.7,90.6,82.9,422,147,399.0,113,27.6,10.5,16,3.9,2.9
182,182,2022," Bradley Jr., Jackie",243,7.5,30.5,107.6,88.0,94.0,83.7,408,143,390.0,93,38.3,15.2,13,5.3,3.9
977,240,2019," DeShields, Delino",267,13.5,32.6,104.0,86.9,90.9,84.2,398,164,384.0,65,24.3,9.0,6,2.2,1.5
622,142,2020," Flores, Wilmer",163,19.0,37.4,107.8,87.9,92.1,85.0,418,189,382.0,56,34.4,13.1,10,6.1,4.7
1614,122,2016," Segura, Jean",542,7.9,31.0,110.0,89.0,92.1,87.1,452,170,399.0,183,33.8,14.5,32,5.9,4.6
1182,195,2018," Suzuki, Kurt",310,18.4,33.2,106.0,87.2,91.2,84.0,415,182,382.0,108,35.0,15.2,12,3.9,3.1
931,194,2019," Candelario, Jeimer",237,15.8,32.9,114.2,88.2,92.2,86.1,467,186,402.0,80,33.8,11.3,14,5.9,3.6
1408,172,2017," Zobrist, Ben",369,9.3,29.0,106.9,87.2,90.7,85.1,425,158,393.0,119,32.2,15.5,17,4.6,3.4
1826,93,2015," Pollock, AJ",529,8.9,31.2,110.6,88.9,92.6,87.1,450,165,405.0,207,39.1,18.9,30,5.7,4.5
1858,125,2015," McCann, Brian",375,17.5,29.1,112.6,89.5,92.4,88.4,437,189,389.0,137,36.5,15.5,20,5.3,3.7
297,49,2021," Winker, Jesse",348,10.8,38.2,113.4,90.6,95.6,86.9,456,171,407.0,164,47.1,19.2,39,11.2,8.0
882,145,2019," Jones, Adam",387,13.5,31.3,108.5,86.2,90.2,84.3,441,167,405.0,120,31.0,11.5,26,6.7,4.9
462,214,2021," Rosario, Amed",434,5.5,32.0,111.5,88.8,90.8,88.8,423,140,404.0,188,43.5,17.8,12,2.8,2.0
1289,53,2017," Rizzo, Anthony",486,15.5,34.2,113.6,88.4,94.4,82.9,462,186,408.0,189,39.1,14.9,45,9.3,6.5
1166,179,2018," Nimmo, Brandon",293,10.7,33.4,110.9,89.9,94.1,88.3,449,159,397.0,123,42.1,13.8,19,6.5,3.6
378,130,2021," Odor, Rougned",223,19.6,29.1,112.1,89.1,94.3,84.2,443,166,398.0,84,38.0,12.3,20,9.0,5.5
1650,158,2016," Anderson, Tim",300,6.6,30.0,108.1,87.8,91.5,86.1,427,146,396.0,103,34.3,12.7,16,5.3,3.7
106,106,2022," Bregman, Alex",401,19.3,35.9,109.2,89.3,93.0,85.7,412,185,381.0,154,38.4,18.1,32,8.0,5.8
127,127,2022," McMahon, Ryan",315,11.2,37.5,113.7,91.5,94.9,87.2,495,174,427.0,143,45.4,14.6,27,8.6,5.3
1121,134,2018," Blackmon, Charlie",495,12.0,34.9,110.4,87.5,91.2,84.3,447,173,407.0,174,35.2,13.4,32,6.5,4.6
820,83,2019," Drury, Brandon",308,13.8,36.7,112.5,86.9,93.2,83.2,426,167,391.0,113,36.7,13.4,28,9.1,6.3
356,108,2021," Díaz, Elias",279,14.7,30.1,109.5,87.1,91.4,85.3,451,168,404.0,105,37.6,15.6,22,7.9,5.9
1602,110,2016," Freese, David",295,2.2,31.2,111.2,91.0,95.3,88.7,439,135,395.0,143,48.5,15.6,24,8.1,4.9
683,203,2020," Galvis, Freddy",111,13.6,27.0,107.7,87.0,92.5,82.9,400,157,375.0,31,27.9,11.1,5,4.5,3.1
1188,201,2018," Reddick, Josh",359,18.2,32.0,105.9,85.6,89.8,82.9,434,179,378.0,97,27.0,11.5,14,3.9,2.9
1567,75,2016," Smith, Seth",293,8.3,32.1,111.6,89.5,94.6,86.2,432,157,403.0,119,40.6,16.1,26,8.9,5.9
210,210,2022," Ortega, Rafael",240,17.6,36.7,108.4,87.2,90.0,85.4,428,179,383.0,80,33.5,12.2,11,4.6,3.1
1672,180,2016," Realmuto, J.T.",412,9.8,28.4,109.7,88.6,92.5,87.4,432,150,402.0,145,35.2,14.1,16,3.9,2.9
141,141,2022," Marte, Starling",369,7.5,38.5,113.3,86.8,91.9,82.9,444,146,405.0,125,33.9,13.1,25,6.8,5.0
1424,188,2017," Semien, Marcus",261,17.2,37.9,106.5,87.1,91.1,82.9,406,189,382.0,78,30.0,10.9,12,4.6,3.1
1386,150,2017," Freese, David",314,3.1,31.2,110.2,88.9,94.0,86.1,449,141,397.0,134,42.9,14.9,20,6.4,4.0
1051,64,2018," Bradley Jr., Jackie",341,12.3,35.2,112.4,92.2,96.4,88.7,438,178,401.0,171,50.1,16.7,35,10.3,6.5
1560,68,2016," Jones, Adam",513,14.7,31.8,110.5,88.7,92.6,86.2,453,184,398.0,178,34.7,12.6,41,8.0,6.1
1086,99,2018," Davis, Chris",282,15.1,35.5,111.8,89.3,94.5,83.7,434,189,403.0,113,40.1,11.5,29,10.3,5.6
1666,174,2016," Grossman, Robbie",236,13.2,35.2,108.6,86.5,88.6,84.9,419,178,397.0,67,28.4,11.0,12,5.1,3.1
712,232,2020," Choi, Ji-Man",89,15.7,30.3,109.9,89.0,94.5,85.1,429,167,401.0,35,39.3,13.2,3,3.4,2.1
1253,17,2017," Trout, Mike",316,18.0,36.4,114.7,88.8,94.3,84.1,448,199,411.0,126,39.9,15.7,42,13.3,8.3
1324,88,2017," Healy, Ryon",436,12.8,35.6,112.7,88.3,93.2,84.5,443,176,413.0,175,40.4,16.1,33,7.6,5.5
1115,128,2018," Benintendi, Andrew",482,12.8,37.3,109.5,88.6,91.9,85.2,437,182,394.0,162,33.7,13.6,31,6.4,4.7
11,11,2022," Harper, Bryce",221,12.7,39.8,114.3,92.4,96.3,87.7,460,180,404.0,111,50.2,16.7,30,13.6,9.5
1680,188,2016," Duffy, Matt",286,7.3,34.6,108.7,87.3,90.1,85.3,424,155,403.0,87,30.4,13.5,10,3.5,2.7
1114,127,2018," Contreras, Willson",357,8.0,28.9,114.1,88.2,92.9,85.5,435,155,392.0,119,33.3,11.3,26,7.3,4.8
283,35,2021," Gallo, Joey",286,22.7,29.0,115.1,91.5,98.0,84.7,462,190,408.0,130,45.8,12.3,53,18.5,8.6
811,74,2019," Pérez, Roberto",273,5.7,32.2,112.8,90.2,95.0,86.7,447,163,404.0,112,41.3,14.7,30,11.0,6.7
1943,210,2015," Gose, Anthony",342,6.1,30.4,110.3,88.2,90.3,87.2,435,154,383.0,105,30.7,9.8,8,2.3,1.5
292,44,2021," García, Avisaíl",345,9.3,35.9,116.7,90.4,95.2,87.1,464,166,409.0,160,46.4,15.7,42,12.2,8.2
755,18,2019," Schwarber, Kyle",379,15.5,35.4,117.6,93.5,97.9,90.0,473,197,406.0,193,51.2,17.5,55,14.5,9.0
627,147,2020," DeJong, Paul",106,21.7,41.5,105.5,89.2,93.3,83.8,409,201,395.0,43,40.6,13.0,8,7.5,4.6
922,185,2019," Rengifo, Luis",268,9.6,31.0,108.6,87.1,90.6,85.4,427,151,412.0,79,29.9,10.6,16,6.0,3.9
842,105,2019," DeJong, Paul",440,18.3,33.0,111.7,87.0,92.9,82.0,462,192,410.0,146,33.9,11.6,38,8.6,5.7
130,130,2022," Choi, Ji-Man",202,9.8,35.1,110.3,91.8,94.0,91.1,431,159,397.0,91,45.0,13.9,19,9.4,5.3
1165,178,2018," Schoop, Jonathan",363,11.5,30.9,111.2,86.4,90.0,85.3,446,156,393.0,111,30.6,11.1,18,5.0,3.6
324,76,2021," Laureano, Ramón",244,11.9,37.7,112.1,87.9,94.0,82.7,432,167,407.0,98,40.2,13.5,26,10.7,6.9
1081,94,2018," Hicks, Aaron",377,13.2,34.2,110.0,89.7,93.3,86.9,417,182,388.0,162,43.0,16.3,33,8.8,5.7
825,88,2019," Marte, Starling",451,8.2,30.8,111.6,88.6,93.8,85.3,455,159,404.0,171,38.6,15.0,36,8.0,6.1
942,205,2019," Winker, Jesse",278,7.2,32.0,110.8,89.2,93.6,86.1,415,158,381.0,111,41.1,16.4,12,4.3,3.1
1850,117,2015," Vogt, Stephen",356,16.4,33.7,109.4,86.9,90.2,84.3,430,185,384.0,107,30.1,12.4,20,5.6,3.9
846,109,2019," Santander, Anthony",298,15.3,31.2,112.9,89.9,92.4,89.7,435,189,407.0,109,36.6,12.6,23,7.7,5.7
1542,50,2016," Moreland, Mitch",342,14.4,33.6,112.5,90.6,94.9,88.6,456,184,414.0,135,39.5,14.1,33,9.6,6.6
696,216,2020," Hernández, César",177,5.6,36.7,108.2,89.1,92.5,86.6,420,147,405.0,66,37.3,14.1,7,4.0,2.7
216,216,2022," Joe, Connor",298,11.0,35.6,110.1,85.2,89.1,83.4,444,157,400.0,100,33.6,13.5,13,4.4,2.9
1034,47,2018," Shaw, Travis",397,16.9,31.2,114.6,88.9,93.1,86.6,452,191,402.0,152,38.3,14.2,41,10.3,7.0
1248,12,2017," Napoli, Mike",265,22.2,29.1,112.5,88.3,94.1,83.0,448,204,406.0,110,41.5,11.9,42,15.8,8.7
159,159,2022," Anderson, Tim",277,3.3,37.5,108.7,88.2,92.7,84.9,411,138,385.0,114,41.2,17.2,16,5.8,4.6
1575,83,2016," Altuve, Jose",580,11.4,39.3,109.0,88.3,92.2,84.7,449,176,397.0,211,36.4,17.6,40,6.9,5.6
967,230,2019," Ruiz, Rio",285,11.3,33.7,107.8,88.4,93.3,85.1,427,159,388.0,104,36.5,14.0,8,2.8,1.9
635,155,2020," Santana, Carlos",164,12.2,32.3,111.5,88.0,92.3,86.7,445,163,418.0,60,36.6,14.7,11,6.7,4.3
517,37,2020," Grichuk, Randal",169,12.6,27.2,110.9,88.9,95.9,84.1,428,164,393.0,67,39.6,15.2,19,11.2,8.2
1415,179,2017," Descalso, Daniel",257,13.0,37.7,107.4,87.2,92.4,81.6,416,195,400.0,75,29.2,11.7,13,5.1,3.3
1507,15,2016," Story, Trevor",245,17.8,44.5,112.3,91.1,94.9,86.3,456,223,422.0,109,44.5,13.4,34,13.9,8.2
598,118,2020," Hernández, Enrique",109,16.2,26.6,110.2,88.5,93.2,86.7,414,164,381.0,47,43.1,16.9,8,7.3,5.4
196,196,2022," Segura, Jean",224,5.2,27.2,111.0,89.0,92.6,88.6,411,128,383.0,93,41.5,19.1,10,4.5,3.4
1629,137,2016," Castro, Starlin",465,8.9,32.3,113.2,88.5,92.4,86.5,443,163,404.0,159,34.2,13.7,25,5.4,4.1
850,113,2019," Machado, Manny",462,13.0,31.2,112.6,91.2,94.5,91.6,455,178,400.0,202,43.7,17.9,37,8.0,5.6
411,163,2021," Carlson, Dylan",399,15.1,40.6,109.0,88.2,91.4,84.5,420,179,395.0,124,31.1,10.9,28,7.0,4.5
97,97,2022," Peña, Jeremy",318,8.5,31.4,110.5,87.4,93.4,83.0,429,151,399.0,113,35.5,12.6,28,8.8,6.1
979,242,2019," Simmons, Andrelton",361,9.5,18.8,108.8,87.8,89.6,88.8,410,135,386.0,119,33.6,17.8,6,1.7,1.4
1316,80,2017," Pham, Tommy",332,6.9,34.3,111.6,89.6,94.6,86.4,443,151,407.0,145,43.7,18.0,31,9.3,5.8
157,157,2022," Bogaerts, Xander",386,10.0,29.8,113.0,88.5,92.6,86.4,423,147,393.0,154,39.9,15.7,25,6.5,4.6
420,172,2021," Wong, Kolten",365,12.8,34.8,107.1,88.3,91.5,86.3,415,162,391.0,127,34.8,14.6,20,5.5,4.1
1788,55,2015," Ramirez, Hanley",334,6.6,28.4,116.6,90.1,95.1,88.3,445,151,403.0,139,41.6,17.6,25,7.5,5.8
478,230,2021," Simmons, Andrelton",354,3.9,28.8,108.2,84.1,87.3,84.0,408,122,389.0,77,21.8,10.4,2,0.6,0.4
1125,138,2018," Gonzalez, Marwin",370,11.3,35.4,110.1,89.1,93.8,84.4,422,175,395.0,153,41.5,15.6,25,6.8,4.5
669,189,2020," Moncada, Yoán",130,13.9,33.8,109.9,87.8,91.3,85.9,448,159,400.0,43,33.1,10.2,8,6.2,3.5
1055,68,2018," Suárez, Eugenio",391,14.8,38.6,112.8,91.2,93.0,89.8,451,192,400.0,178,45.6,16.4,38,9.7,6.3
1856,123,2015," Hunter, Torii",421,10.8,28.5,108.1,88.5,93.1,85.5,430,164,393.0,147,34.9,13.2,21,5.0,3.7
1286,50,2017," Cron, C.J.",246,18.2,37.8,114.9,88.9,93.6,85.0,461,199,416.0,95,38.6,12.9,25,10.2,6.7
448,200,2021," LeMahieu, DJ",508,5.0,33.3,110.6,90.6,92.9,89.2,412,141,375.0,220,43.5,20.0,19,3.7,2.8
554,74,2020," Polanco, Gregory",95,20.8,36.8,114.2,92.9,97.0,91.0,446,208,411.0,49,51.6,12.6,12,12.6,6.9
179,179,2022," LeMahieu, DJ",384,3.3,32.8,110.9,89.4,94.4,85.8,411,143,378.0,161,42.1,19.7,21,5.5,4.0
391,143,2021," Moore, Dylan",222,20.4,33.3,110.3,86.5,90.5,84.3,427,179,402.0,74,33.3,11.1,19,8.6,5.0
579,99,2020," McMahon, Ryan",107,9.2,27.1,109.7,90.1,95.5,85.7,451,168,418.0,46,43.0,11.6,12,11.2,6.2
986,249,2019," Wolters, Tony",299,10.1,37.5,103.4,85.3,88.2,83.1,413,166,361.0,59,19.7,8.6,0,0.0,0.0
1692,200,2016," Chisenhall, Lonnie",322,18.0,33.2,108.7,86.2,88.2,86.9,425,176,390.0,80,24.8,8.9,9,2.8,2.2
1274,38,2017," Renfroe, Hunter",306,15.3,32.4,113.7,88.0,94.3,82.8,449,192,404.0,104,34.1,11.7,34,11.1,7.1
1630,138,2016," García, Adonis",439,7.9,30.1,108.9,89.0,91.7,88.3,435,154,393.0,153,34.9,14.6,23,5.2,4.1
1945,212,2015," Pillar, Kevin",510,14.1,28.4,112.4,85.8,88.2,85.6,413,158,391.0,135,26.5,11.6,9,1.8,1.4
821,84,2019," Realmuto, J.T.",423,14.4,35.0,112.9,90.3,94.4,87.7,456,186,393.0,174,41.1,14.7,37,8.7,6.2
1014,27,2018," Mancini, Trey",434,5.4,27.6,115.0,89.9,95.0,87.0,438,147,387.0,186,42.9,14.9,51,11.8,8.0
963,226,2019," Hernández, César",516,9.5,31.8,108.4,86.0,88.5,85.6,424,147,391.0,146,28.3,12.2,14,2.7,2.1
1404,168,2017," Drury, Brandon",344,7.7,33.7,111.7,88.2,93.8,84.2,444,160,408.0,132,38.7,15.7,17,4.9,3.5
665,185,2020," Grossman, Robbie",128,15.2,33.6,108.1,89.0,92.0,87.0,421,175,379.0,48,37.5,14.7,7,5.5,3.6
143,143,2022," Pham, Tommy",332,7.0,32.8,112.6,92.4,95.2,90.6,437,158,405.0,165,49.7,18.5,26,7.8,4.9
1503,11,2016," Longoria, Evan",496,18.1,38.1,110.2,90.8,94.5,87.5,462,204,409.0,206,41.5,16.8,60,12.1,8.8
1609,117,2016," Teixeira, Mark",284,12.8,33.1,109.6,88.4,93.1,85.6,444,171,385.0,106,37.3,14.0,21,7.4,4.8
865,128,2019," Choo, Shin-Soo",399,9.2,31.8,111.8,91.9,96.7,88.5,472,161,410.0,195,49.0,17.0,35,8.8,5.3
422,174,2021," Franco, Maikel",313,9.1,28.1,113.9,88.2,92.6,86.3,434,139,402.0,106,33.9,14.4,16,5.1,4.0
637,157,2020," Rendon, Anthony",158,19.5,39.2,109.1,90.1,92.4,88.9,426,191,394.0,64,40.5,17.8,10,6.3,4.3
1393,157,2017," Kinsler, Ian",465,19.5,37.2,105.9,86.3,91.3,81.7,414,198,383.0,140,30.1,13.0,23,4.9,3.8
800,63,2019," Rosario, Eddie",482,16.8,33.2,108.6,89.2,93.9,85.0,433,188,392.0,172,36.0,14.0,41,8.5,6.9
1058,71,2018," Canó, Robinson",265,8.2,37.4,113.4,93.0,94.9,92.5,419,162,399.0,136,51.5,22.7,22,8.3,6.3
616,136,2020," Goodrum, Niko",92,16.0,34.8,105.6,88.8,94.3,81.8,426,197,402.0,37,40.2,10.7,9,9.8,5.0
295,47,2021," Crawford, Brandon",383,14.7,35.8,109.8,88.8,94.7,83.5,444,178,399.0,166,43.3,15.0,44,11.5,8.0
904,167,2019," Vázquez, Christian",387,13.3,37.5,107.4,89.4,92.8,86.5,443,186,387.0,152,40.1,15.1,23,5.9,4.4
1209,222,2018," Sánchez, Yolmer",467,9.3,34.9,110.3,86.7,91.2,84.2,449,157,405.0,132,28.3,10.5,14,3.0,2.1
1886,153,2015," Miller, Brad",347,8.4,27.7,113.4,90.0,93.3,88.4,436,160,391.0,139,40.1,16.0,15,4.3,3.0
89,89,2022," Calhoun, Kole",237,16.1,41.4,109.9,91.2,95.6,88.1,425,180,392.0,117,49.4,14.2,25,10.5,6.5
42,42,2022," Smith, Will",347,18.9,38.3,109.0,90.3,93.9,84.2,435,205,403.0,151,43.5,17.9,38,11.0,7.8
1787,54,2015," Valbuena, Luis",331,17.4,38.4,108.3,89.5,93.9,84.9,431,202,391.0,130,39.3,13.5,29,8.8,5.9
1917,184,2015," Davis, Rajai",269,12.4,30.5,109.4,86.7,90.8,84.3,399,171,379.0,76,28.3,11.1,8,3.0,2.2
132,132,2022," Grisham, Trent",290,14.4,24.1,111.1,87.8,93.9,83.8,457,153,401.0,100,34.5,12.9,25,8.6,5.2
980,243,2019," Dyson, Jarrod",317,9.6,28.4,105.5,83.9,88.4,81.2,403,139,389.0,69,21.8,9.4,5,1.6,1.1
1233,246,2018," Kiner-Falefa, Isiah",300,7.0,28.7,107.9,84.9,86.1,85.4,393,132,373.0,71,23.7,11.5,2,0.7,0.5
1564,72,2016," Odor, Rougned",474,14.3,31.2,112.1,89.6,93.7,86.8,465,183,397.0,178,37.6,14.9,37,7.8,5.9
1840,107,2015," Murphy, Daniel",467,11.9,32.3,113.3,89.9,93.0,88.3,428,173,392.0,177,37.9,19.3,22,4.7,4.1
1331,95,2017," McCann, James",267,15.7,40.4,109.2,87.2,90.9,83.6,435,184,397.0,91,34.1,12.3,21,7.9,5.4
1800,67,2015," Martin, Russell",340,9.8,26.8,111.5,89.2,93.7,86.9,437,160,398.0,136,40.0,15.7,28,8.2,5.5
165,165,2022," Hays, Austin",359,11.3,32.9,109.0,88.2,93.0,86.0,464,158,399.0,144,40.1,15.7,22,6.1,4.4
725,245,2020," Villar, Jonathan",134,1.6,18.7,111.1,86.7,91.0,86.3,429,111,419.0,48,35.8,11.6,2,1.5,1.0
291,43,2021," Seager, Kyle",446,19.5,35.7,111.0,89.0,94.1,82.4,446,196,402.0,179,40.1,14.1,55,12.3,8.2
1132,145,2018," Dozier, Brian",429,17.5,30.5,104.8,86.8,91.8,82.8,409,179,379.0,123,29.4,11.7,27,6.3,4.3
1733,241,2016," Strange-Gordon, Dee",273,3.7,26.0,101.5,82.8,85.5,81.6,377,121,377.0,38,14.0,6.0,0,0.0,0.0
1880,147,2015," Semien, Marcus",426,13.6,37.1,106.9,87.1,92.0,81.9,419,183,391.0,123,28.9,11.8,19,4.5,3.2
1661,169,2016," Lindor, Francisco",534,7.9,34.6,112.1,88.7,90.8,87.7,435,162,394.0,179,33.5,14.7,22,4.1,3.2
1348,112,2017," Pearce, Steve",248,13.8,35.1,108.6,87.2,92.1,83.3,434,177,393.0,89,35.9,13.7,17,6.9,4.9
779,42,2019," Soto, Juan",416,12.5,36.3,112.8,92.0,97.0,86.4,443,191,403.0,199,47.8,17.5,51,12.3,7.7
840,103,2019," Bradley Jr., Jackie",344,9.3,30.2,112.1,90.1,95.1,87.0,478,164,395.0,148,44.2,13.9,33,9.6,5.8
349,101,2021," India, Jonathan",396,13.1,33.6,110.2,87.6,93.0,83.4,451,164,407.0,153,38.6,14.9,38,9.6,6.0
1928,195,2015," Panik, Joe",347,11.5,30.0,106.7,86.8,89.8,85.0,422,169,392.0,102,29.4,15.0,8,2.3,1.9
572,92,2020," Schwarber, Kyle",125,8.8,28.8,114.9,92.8,95.7,90.7,444,162,406.0,59,47.2,14.4,14,11.2,6.3
1601,109,2016," Zimmerman, Ryan",329,9.1,28.9,113.9,92.6,95.8,91.7,421,164,404.0,150,45.6,18.8,23,7.0,4.9
1871,138,2015," Rendon, Anthony",245,10.1,33.5,108.3,90.3,92.8,89.2,429,170,404.0,87,35.5,14.9,12,4.9,3.4
1455,219,2017," Simmons, Andrelton",530,7.8,31.3,109.7,86.1,90.8,83.6,438,155,395.0,151,28.7,14.2,13,2.5,2.0
1577,85,2016," Valencia, Danny",358,9.8,35.2,113.8,90.1,94.0,88.7,456,161,411.0,147,41.1,16.5,28,7.8,5.4
1304,68,2017," Bryant, Kris",427,17.0,35.1,113.0,87.0,92.3,80.5,451,196,401.0,156,36.6,12.9,41,9.6,6.2
1492,256,2017," Strange-Gordon, Dee",566,2.2,27.7,104.1,81.6,85.9,79.6,395,122,380.0,63,11.2,4.8,1,0.2,0.1
459,211,2021," Rojas, Miguel",423,11.5,32.4,109.4,86.2,89.0,86.4,409,152,398.0,139,32.9,15.2,12,2.8,2.2
376,128,2021," Posey, Buster",310,8.7,38.4,109.2,88.5,93.8,83.4,428,160,387.0,122,39.4,15.6,25,8.1,5.5
1329,93,2017," Santana, Domingo",350,10.5,40.6,113.7,89.2,93.2,85.8,476,175,393.0,141,40.4,12.2,33,9.4,5.4
334,86,2021," Story, Trevor",392,17.5,34.2,111.0,90.6,94.1,87.5,475,187,419.0,167,42.6,13.7,39,9.9,6.6
1527,35,2016," Lamb, Jake",373,10.4,34.6,111.6,91.3,96.1,88.1,453,189,406.0,162,43.4,15.4,43,11.5,7.2
1746,13,2015," Howard, Ryan",332,14.9,42.5,110.7,91.3,95.2,85.1,448,202,393.0,150,45.2,14.5,39,11.7,7.8
1738,5,2015," Ortiz, David",442,15.7,34.8,113.6,93.0,96.9,89.6,443,203,404.0,217,49.1,19.5,58,13.1,9.4
817,80,2019," Laureano, Ramón",320,14.7,37.2,111.6,89.7,93.3,86.7,438,187,405.0,127,40.4,13.3,31,9.7,6.4
1722,230,2016," Jankowski, Travis",238,0.8,28.2,108.0,86.2,86.8,86.0,412,121,402.0,64,26.9,10.0,3,1.3,0.8
983,246,2019," Fletcher, David",534,9.9,37.5,104.5,83.8,86.5,82.8,413,162,375.0,90,17.1,9.4,1,0.2,0.2
1842,109,2015," Espinosa, Danny",267,12.7,27.7,109.0,86.3,90.6,83.9,421,173,393.0,76,28.5,9.2,17,6.4,4.1
1625,133,2016," Cabrera, Asdrúbal",420,15.5,36.4,107.7,88.9,92.3,86.0,416,184,381.0,140,33.3,13.2,24,5.7,4.2
995,8,2018," Hernández, Teoscar",316,17.0,34.8,112.2,91.8,97.7,85.3,440,201,401.0,145,45.9,13.9,49,15.5,9.4
911,174,2019," Kipnis, Jason",381,14.1,32.8,107.1,88.1,91.2,85.4,449,179,393.0,130,34.4,14.2,21,5.5,4.1
1913,180,2015," Kinsler, Ian",549,17.7,36.6,105.5,86.1,88.6,84.4,407,189,378.0,146,26.6,12.3,15,2.7,2.2
1925,192,2015," Phillips, Brandon",524,10.7,32.6,108.2,86.2,87.7,85.4,414,160,382.0,136,26.0,11.6,12,2.3,1.9
329,81,2021," Bryant, Kris",380,15.1,37.1,110.4,88.2,92.8,82.8,434,180,391.0,152,40.0,14.0,39,10.3,6.7
1054,67,2018," Smoak, Justin",352,15.0,36.9,110.7,89.5,94.4,84.6,420,187,390.0,149,42.5,15.1,38,10.8,6.4
319,71,2021," Smith, Will",324,19.4,38.0,108.6,90.1,93.8,84.5,444,205,396.0,142,43.8,16.3,35,10.8,7.0
1959,226,2015," Simmons, Andrelton",490,3.5,27.8,108.9,86.4,90.5,84.9,413,135,399.0,142,29.0,16.2,5,1.0,0.9
1345,109,2017," Canó, Robinson",510,7.5,33.9,112.7,90.3,94.0,87.9,443,165,398.0,224,44.0,18.6,32,6.3,4.9
1718,226,2016," Cervelli, Francisco",259,6.4,27.4,107.8,86.5,91.8,83.4,393,139,352.0,80,30.9,13.1,4,1.5,1.0
168,168,2022," Berti, Jon",195,4.8,31.3,108.4,87.6,91.6,84.8,400,141,387.0,71,36.4,14.8,13,6.7,4.4
13,13,2022," Ozuna, Marcell",324,16.0,30.6,113.9,89.3,94.8,84.9,458,177,416.0,140,43.2,15.4,43,13.3,9.3
1910,177,2015," Drew, Stephen",319,16.9,27.9,107.2,86.4,89.5,84.2,420,186,379.0,82,25.7,11.9,10,3.1,2.3
172,172,2022," Vázquez, Christian",296,11.5,36.5,109.5,88.0,91.2,86.3,419,157,388.0,105,35.5,14.8,16,5.4,4.2
650,170,2020," Schoop, Jonathan",125,8.7,26.4,114.4,87.2,92.9,86.9,442,137,408.0,42,33.6,11.9,7,5.6,4.0
1053,66,2018," Realmuto, J.T.",377,14.5,39.8,109.8,88.9,92.4,86.0,434,177,406.0,155,41.2,16.1,34,9.0,6.4
261,13,2021," Alvarez, Yordan",395,14.1,37.2,116.4,93.2,97.4,88.5,456,192,408.0,214,54.2,20.7,63,15.9,10.5
1203,216,2018," Kinsler, Ian",426,17.7,36.6,106.1,85.3,89.0,83.4,412,177,389.0,111,26.2,11.7,13,3.1,2.4
1396,160,2017," Maldonado, Martín",319,12.9,26.3,110.4,85.4,91.0,81.9,447,162,405.0,100,31.3,11.4,18,5.6,3.8
902,165,2019," Gomes, Yan",231,18.1,32.0,107.6,87.6,91.6,84.6,447,190,406.0,83,36.1,11.8,16,6.9,4.5
673,193,2020," Semien, Marcus",161,19.3,32.9,108.0,86.2,91.8,78.8,419,181,394.0,46,28.6,10.6,8,5.0,3.4
259,11,2021," Guerrero Jr., Vladimir",496,9.4,33.7,117.4,95.1,98.5,93.4,465,172,409.0,274,55.2,23.1,75,15.1,10.7
845,108,2019," Canó, Robinson",324,7.4,33.6,112.1,90.9,93.2,90.2,429,161,401.0,150,46.3,19.0,24,7.4,5.7
868,131,2019," Senzel, Nick",275,11.1,31.6,107.6,87.8,92.0,85.6,422,162,390.0,104,38.2,13.0,22,8.0,5.3
1646,154,2016," LeMahieu, DJ",486,6.1,36.2,111.9,91.8,93.0,91.6,450,157,418.0,232,47.7,21.5,24,4.9,3.8
139,139,2022," Crawford, Brandon",255,13.8,30.6,109.0,87.7,91.9,85.2,418,158,396.0,83,32.5,11.6,19,7.5,5.1
894,157,2019," Votto, Joey",405,15.2,40.7,109.5,88.9,91.4,85.7,425,194,399.0,151,38.2,14.8,28,6.9,4.6
1823,90,2015," Ramos, Wilson",382,4.5,30.1,114.2,90.5,96.0,87.6,447,144,404.0,170,44.5,17.8,24,6.3,4.8
550,70,2020," Goldschmidt, Paul",149,11.7,42.3,111.3,89.2,94.2,84.0,443,179,405.0,61,40.9,15.4,16,10.7,6.9
320,72,2021," Naquin, Tyler",308,9.6,31.2,113.5,89.8,93.3,87.6,459,154,410.0,128,41.6,12.7,32,10.4,7.0
1513,21,2016," Kemp, Matt",479,14.5,37.2,110.7,88.2,93.3,82.4,452,195,409.0,182,38.0,13.6,53,11.1,7.9
1963,230,2015," Aybar, Erick",536,6.6,31.2,108.1,85.7,87.8,84.6,409,144,389.0,104,19.4,9.2,5,0.9,0.8
1240,4,2017," Gallo, Joey",253,23.0,36.0,117.3,93.3,99.1,86.0,490,227,420.0,132,52.2,12.5,56,22.1,10.5
559,79,2020," Grisham, Trent",153,13.5,37.3,111.9,88.3,93.7,84.7,457,161,413.0,64,41.8,16.0,17,11.1,6.7
140,140,2022," Ramírez, José",441,20.9,33.3,111.6,88.0,91.3,87.0,422,182,390.0,168,38.1,16.0,28,6.3,5.0
1720,228,2016," Hill, Aaron",323,15.9,35.3,105.1,86.7,89.4,85.5,404,186,385.0,86,26.6,12.2,4,1.2,0.9
532,52,2020," Dickerson, Alex",122,17.8,30.3,114.6,90.9,93.1,89.8,480,176,409.0,54,44.3,17.7,13,10.7,7.6
225,225,2022," Castro, Willi",259,14.2,35.9,111.7,84.4,87.8,84.6,408,157,379.0,80,30.9,10.5,8,3.1,2.3
724,244,2020," Robles, Victor",118,19.0,37.3,109.2,82.2,86.3,78.2,385,159,376.0,27,22.9,7.1,2,1.7,1.1
787,50,2019," Conforto, Michael",405,15.9,35.8,112.2,89.2,93.7,83.4,452,194,402.0,158,39.2,13.3,48,11.9,7.4
1703,211,2016," Cuthbert, Cheslor",382,12.4,27.0,111.7,89.3,91.7,89.9,427,156,392.0,141,36.9,14.3,9,2.4,1.8
985,248,2019," Strange-Gordon, Dee",341,5.8,27.9,102.5,84.2,87.0,83.0,368,132,361.0,63,19.0,7.8,0,0.0,0.0
410,162,2021," Bellinger, Cody",224,22.2,33.5,107.4,89.3,92.2,85.4,422,186,383.0,77,34.4,10.5,16,7.1,4.6
326,78,2021," Bogaerts, Xander",423,12.5,36.4,113.6,89.6,93.7,86.4,446,168,402.0,182,43.0,15.9,41,9.7,6.8
1785,52,2015," Kemp, Matt",457,12.0,34.4,109.0,89.5,93.4,85.5,437,183,393.0,185,40.5,14.3,38,8.3,5.9
300,52,2021," Mountcastle, Ryan",380,16.3,38.9,114.6,89.1,92.5,84.9,447,189,396.0,151,39.7,11.9,45,11.8,7.7
1714,222,2016," Hernández, César",438,5.0,29.9,106.5,87.0,90.9,85.1,407,134,378.0,128,29.2,11.7,8,1.8,1.3
1469,233,2017," Escobar, Alcides",508,14.0,34.1,105.3,84.0,88.5,80.5,411,172,385.0,106,21.0,8.8,11,2.2,1.7
26,26,2022," Alonso, Pete",400,18.3,35.0,116.5,90.0,95.0,87.4,447,180,399.0,187,46.8,17.5,49,12.3,8.5
1844,111,2015," Reddick, Josh",464,14.8,32.1,108.7,88.4,91.7,86.6,438,184,397.0,152,32.8,15.2,23,5.0,4.0
715,235,2020," Joyce, Matt",87,12.5,36.8,106.2,86.7,91.0,81.7,404,181,395.0,28,32.2,10.6,3,3.4,2.0
987,250,2019," Hamilton, Billy",234,15.2,32.1,99.9,80.7,83.6,81.1,374,155,,17,7.3,2.5,0,0.0,0.0
194,194,2022," Walls, Taylor",253,16.5,31.6,105.7,86.1,91.0,81.2,406,168,382.0,72,28.5,10.2,14,5.5,3.5
441,193,2021," Maldonado, Martín",247,17.6,30.8,108.2,88.0,91.6,83.1,401,178,378.0,82,33.2,10.7,14,5.7,3.3
574,94,2020," Tellez, Rowdy",95,10.6,30.5,117.4,90.7,95.9,88.1,459,161,409.0,43,45.3,19.4,8,8.4,6.3
947,210,2019," Garcia, Leury",452,6.2,30.1,108.5,88.2,90.8,86.6,431,142,408.0,135,29.9,11.5,17,3.8,2.8
504,24,2020," Voit, Luke",160,15.2,37.5,111.7,88.9,95.9,82.2,437,177,397.0,64,40.0,13.5,21,13.1,9.0
606,126,2020," Ramos, Wilson",112,6.5,26.8,110.1,89.0,94.6,86.6,440,147,409.0,47,42.0,16.2,8,7.1,5.2
1162,175,2018," Granderson, Curtis",239,16.9,44.8,108.3,88.7,92.3,83.3,423,202,384.0,82,34.3,12.0,15,6.3,3.7
1851,118,2015," Taylor, Michael A.",317,9.8,32.8,112.7,88.7,94.2,84.4,493,168,413.0,113,35.6,11.5,20,6.3,3.9
1772,39,2015," Upton, Justin",388,16.2,28.6,113.9,89.8,93.3,88.1,458,189,397.0,152,39.2,13.6,39,10.1,6.3
847,110,2019," Pinder, Chad",257,8.6,31.9,110.0,90.9,96.1,87.9,437,168,405.0,110,44.4,16.0,21,8.2,5.7
4,4,2022," Schwarber, Kyle",312,18.9,34.6,114.8,93.3,99.7,87.2,468,197,415.0,170,54.5,17.6,64,20.5,11.5
1139,152,2018," LeMahieu, DJ",460,5.9,31.3,109.3,91.3,93.2,90.0,439,163,399.0,198,43.2,21.6,24,5.2,4.1
1212,225,2018," Wendle, Joey",403,10.7,31.8,110.1,88.8,91.7,87.5,420,165,400.0,144,35.7,15.6,11,2.7,2.0
468,220,2021," Tapia, Raimel",422,-4.4,19.9,109.9,85.7,88.7,85.0,442,98,414.0,133,31.5,13.2,9,2.1,1.7
322,74,2021," Albies, Ozzie",508,21.1,37.0,111.4,89.6,92.3,86.3,439,200,401.0,189,37.2,12.8,47,9.3,6.9
6,6,2022," Ohtani, Shohei",354,12.6,34.7,119.1,92.6,97.2,87.7,462,180,408.0,168,47.5,16.2,62,17.5,11.1
223,223,2022," Miller, Owen",298,9.6,35.6,108.7,86.2,90.7,82.4,423,156,392.0,96,32.2,12.4,10,3.4,2.4
1361,125,2017," Bell, Josh",436,8.6,28.9,112.4,87.6,92.1,85.2,441,155,403.0,148,34.3,13.3,28,6.4,4.5
548,68,2020," Murphy, Sean",79,14.7,31.6,112.5,92.2,97.1,89.1,464,172,418.0,39,49.4,16.2,10,12.7,7.1
229,229,2022," Robles, Victor",233,15.4,28.3,109.7,83.8,87.7,81.4,413,142,391.0,51,21.9,8.0,7,3.0,2.0
40,40,2022," Santander, Anthony",388,20.6,33.5,112.0,90.1,94.2,89.6,455,182,398.0,168,43.3,15.8,43,11.1,7.9
543,63,2020," Martinez, J.D.",154,14.7,39.6,110.7,89.5,93.9,82.6,437,205,403.0,64,41.6,13.7,17,11.0,7.2
243,243,2022," Wendle, Joey",254,2.8,28.7,107.6,87.0,89.7,85.5,410,135,392.0,88,34.6,15.2,3,1.2,1.0
899,162,2019," Gonzalez, Marwin",328,11.0,35.1,109.2,90.7,94.5,87.9,437,172,403.0,144,44.0,16.1,21,6.4,4.5
1549,57,2016," Turner, Justin",457,17.0,37.4,109.2,90.6,93.2,88.4,458,197,393.0,189,41.4,17.2,40,8.8,6.4
137,137,2022," Nimmo, Brandon",403,6.7,28.0,111.9,89.4,92.1,89.0,434,143,401.0,157,39.0,15.2,29,7.2,5.1
1857,124,2015," Tulowitzki, Troy",376,12.7,31.4,112.1,90.0,93.1,88.1,450,180,403.0,152,40.4,16.0,20,5.3,3.7
1741,8,2015," Donaldson, Josh",499,10.5,31.1,113.6,92.5,96.5,89.5,454,179,408.0,232,46.5,18.0,61,12.2,8.6
1558,66,2016," Souza Jr., Steven",273,13.0,37.4,113.6,89.9,94.6,85.4,438,178,401.0,104,38.1,11.4,29,10.6,6.2
1011,24,2018," Morales, Kendrys",323,10.0,34.4,111.6,92.3,95.3,90.3,437,180,395.0,170,52.6,20.5,39,12.1,8.3
830,93,2019," Bogaerts, Xander",498,13.4,34.7,112.4,90.7,94.2,88.6,451,183,398.0,217,44.1,18.5,42,8.4,6.0
446,198,2021," Bradley Jr., Jackie",258,9.6,27.9,108.4,89.7,93.5,87.6,415,144,404.0,104,40.3,12.9,13,5.0,3.0
843,106,2019," Grichuk, Randal",425,16.0,31.3,112.6,89.3,93.9,87.1,469,178,401.0,169,39.8,13.9,36,8.5,5.7
1273,37,2017," Bruce, Jay",419,18.4,39.4,111.5,88.4,92.4,83.6,436,206,400.0,162,38.8,13.4,44,10.5,7.1
1405,169,2017," Buxton, Byron",319,15.2,31.7,110.9,88.1,92.7,83.1,441,176,403.0,101,32.0,10.2,18,5.6,3.5
1660,168,2016," Hicks, Aaron",263,10.7,28.5,107.6,89.1,92.5,87.4,446,166,379.0,92,35.0,14.6,12,4.6,3.3
1810,77,2015," Montero, Miguel",247,12.2,39.3,109.1,88.3,92.4,83.9,432,191,391.0,87,35.2,10.9,21,8.5,5.2
582,102,2020," Yelich, Christian",124,7.1,32.3,112.0,94.0,97.1,91.5,460,163,413.0,69,55.6,18.1,15,12.1,6.1
1750,17,2015," González, Carlos",428,9.1,30.4,117.1,90.3,94.3,87.9,468,176,419.0,165,38.6,13.8,45,10.5,7.4
1953,220,2015," Harrison, Josh",352,12.0,35.8,104.7,86.4,89.7,83.5,417,172,396.0,86,24.4,10.1,5,1.4,1.1
662,182,2020," Taveras, Leody",77,14.3,41.6,107.8,88.9,91.9,88.1,404,164,393.0,32,41.6,13.2,5,6.5,3.7
437,189,2021," Hampson, Garrett",340,13.0,33.5,107.0,87.0,91.6,81.5,456,174,403.0,106,31.2,12.1,17,5.0,3.4
1841,108,2015," Cain, Lorenzo",457,9.5,35.4,111.0,90.2,92.8,88.0,458,180,413.0,174,38.1,15.3,25,5.5,4.1
377,129,2021," Solano, Donovan",254,11.0,39.8,108.1,88.3,92.0,84.1,410,175,390.0,93,36.6,14.2,19,7.5,5.5
1702,210,2016," Cozart, Zack",385,15.2,31.4,105.6,86.3,89.4,84.1,444,174,392.0,106,27.5,11.9,9,2.3,1.8
966,229,2019," Murphy, Daniel",368,14.8,36.7,106.4,86.3,89.3,84.1,427,181,388.0,104,28.3,11.8,9,2.4,1.9
1927,194,2015," Kiermaier, Kevin",414,9.0,29.7,112.2,87.6,90.7,87.2,426,154,397.0,128,30.9,12.7,10,2.4,1.9
315,67,2021," Murphy, Sean",282,15.4,31.9,112.8,89.2,93.5,87.0,454,172,411.0,120,42.6,14.9,32,11.3,7.1
692,212,2020," Bregman, Alex",128,17.3,35.9,105.6,88.9,90.3,88.8,412,184,395.0,43,33.6,16.2,5,3.9,2.8
1490,254,2017," Hamilton, Billy",456,10.2,32.2,103.7,80.5,84.3,78.7,405,148,376.0,53,11.7,4.5,2,0.4,0.3
425,177,2021," Margot, Manuel",356,10.7,31.5,109.6,87.9,92.1,86.3,427,150,401.0,143,40.2,16.4,18,5.1,3.9
595,115,2020," Nola, Austin",129,12.5,40.3,110.1,89.7,92.3,88.8,424,174,396.0,56,43.4,19.0,10,7.8,5.4
1947,214,2015," Lagares, Juan",358,8.2,25.1,112.7,90.7,92.1,91.2,415,144,381.0,144,40.2,15.7,6,1.7,1.3
623,143,2020," Cabrera, Asdrúbal",154,13.7,30.5,107.0,89.5,93.6,88.0,413,162,392.0,59,38.3,15.1,10,6.5,4.7
1160,173,2018," Mauer, Joe",404,4.4,36.9,107.6,91.1,95.0,88.1,427,154,406.0,174,44.3,21.8,20,5.0,3.7
1035,48,2018," Pollock, AJ",321,13.5,31.5,108.6,89.2,93.7,84.8,455,183,405.0,130,40.6,15.7,32,10.0,7.0
228,228,2022," Guillorme, Luis",221,4.1,35.7,110.2,86.6,90.0,84.0,401,128,370.0,54,24.4,11.1,6,2.7,2.1
1108,121,2018," Pujols, Albert",403,14.1,34.5,112.1,90.0,93.6,88.8,430,179,400.0,165,40.9,18.9,25,6.2,5.0
1318,82,2017," Choo, Shin-Soo",418,7.9,35.9,109.8,88.7,93.7,84.4,447,168,401.0,158,37.8,14.8,36,8.6,5.7
1088,101,2018," Iannetta, Chris",216,13.6,36.6,114.5,92.0,96.0,87.5,469,189,421.0,94,43.7,14.5,20,9.3,5.6
67,67,2022," Freeman, Freddie",447,13.9,44.1,112.3,91.3,94.6,87.2,446,186,402.0,213,47.7,18.3,42,9.4,7.0
25,25,2022," Gallo, Joey",162,24.5,29.6,113.0,89.6,97.3,73.9,437,195,402.0,84,51.9,12.2,30,18.5,8.6
145,145,2022," Dozier, Hunter",306,12.5,33.0,110.7,88.2,92.7,84.9,429,163,404.0,114,37.3,13.0,22,7.2,4.9
537,57,2020," Odor, Rougned",93,20.7,28.0,110.6,86.0,93.3,79.9,434,184,394.0,30,32.3,10.0,11,11.8,7.4
812,75,2019," Hernández, Teoscar",265,15.3,30.6,112.1,91.2,96.2,86.6,450,191,401.0,112,42.3,12.3,31,11.7,6.7
1437,201,2017," Pillar, Kevin",498,13.0,33.3,111.9,86.0,90.1,84.0,451,172,402.0,144,29.1,12.4,17,3.4,2.7
86,86,2022," Polanco, Jorge",284,21.7,37.3,111.0,89.0,93.1,83.1,451,196,402.0,110,38.7,13.7,29,10.2,6.5
1419,183,2017," Pirela, José",244,6.0,29.5,112.9,89.3,94.0,86.0,450,161,410.0,95,39.1,15.5,11,4.5,3.2
1062,75,2018," Calhoun, Kole",364,12.1,34.3,109.4,90.4,94.4,86.4,436,181,403.0,157,43.1,14.9,34,9.3,6.2
1790,57,2015," Byrd, Marlon",366,12.1,33.9,108.8,86.3,92.6,80.0,432,176,402.0,114,31.1,9.6,31,8.5,5.7
1803,70,2015," Gattis, Evan",452,10.6,29.6,112.3,88.9,94.3,86.4,443,167,383.0,177,39.2,16.7,32,7.1,5.3
1359,123,2017," Rendon, Anthony",432,18.3,34.7,110.1,89.8,92.6,87.3,454,207,402.0,164,38.4,15.3,28,6.5,4.6
1134,147,2018," Bautista, José",215,19.8,34.4,111.9,90.8,95.3,88.5,429,193,393.0,91,43.3,13.3,17,7.9,4.3
363,115,2021," Cabrera, Miguel",363,10.0,32.8,112.6,91.4,95.9,88.1,445,162,394.0,178,49.0,17.7,30,8.3,5.7
1597,105,2016," Drury, Brandon",365,9.3,31.5,113.3,88.8,92.8,87.3,445,165,406.0,134,36.7,15.4,25,6.8,5.0
1904,171,2015," Alonso, Yonder",309,7.4,32.7,107.8,87.8,91.1,85.5,414,151,396.0,104,33.7,15.7,10,3.2,2.5
1027,40,2018," Schwarber, Kyle",291,12.3,34.0,117.1,90.9,95.6,87.7,444,177,404.0,131,45.0,14.7,37,12.7,7.3
1031,44,2018," Hoskins, Rhys",413,22.6,35.8,112.0,89.0,94.3,82.7,444,212,393.0,161,39.5,14.1,47,11.4,7.1
1207,220,2018," Panik, Joe",333,9.9,32.4,108.1,86.6,88.3,86.7,400,154,374.0,98,29.7,15.5,9,2.7,2.3
1342,106,2017," Bradley Jr., Jackie",360,9.5,30.6,110.6,88.3,94.4,84.0,441,160,407.0,144,40.0,15.0,27,7.5,5.0
1064,77,2018," Bour, Justin",302,9.9,33.4,115.5,88.9,95.6,85.1,437,167,405.0,117,39.0,13.6,31,10.3,6.2
666,186,2020," García, Luis",105,-3.6,27.6,111.1,83.5,90.6,79.7,427,111,419.0,31,29.5,12.3,5,4.8,3.6
365,117,2021," Urshela, Gio",312,7.5,36.2,110.4,88.9,93.2,85.4,453,157,400.0,131,42.0,14.3,25,8.0,5.7
78,78,2022," Lowe, Nathaniel",375,8.4,34.1,113.0,90.1,93.2,88.6,452,159,410.0,167,44.5,15.2,36,9.6,6.7
28,28,2022," Hernández, Teoscar",283,12.1,33.6,114.1,92.8,98.1,87.8,461,170,409.0,152,53.7,18.0,38,13.4,8.5
1423,187,2017," Heyward, Jason",369,11.4,29.3,112.7,86.6,90.7,85.6,434,161,397.0,115,31.3,14.3,15,4.1,3.1
526,46,2020," Cronenworth, Jake",143,10.6,37.8,110.1,89.8,91.5,88.9,426,170,400.0,61,42.7,20.3,15,10.5,7.8
1820,87,2015," Fielder, Prince",530,9.9,29.4,114.9,90.9,93.2,90.4,447,170,408.0,236,44.5,19.8,34,6.4,4.9
56,56,2022," Rivera, Emmanuel",215,9.3,32.1,110.1,90.4,94.3,87.4,441,159,414.0,84,39.1,14.6,23,10.7,7.4
639,159,2020," Pujols, Albert",128,16.4,30.5,108.8,88.6,91.8,89.1,437,161,398.0,44,34.4,14.4,7,5.5,4.3
303,55,2021," Castellanos, Nick",416,14.0,44.0,111.9,89.8,94.9,83.0,446,190,399.0,195,46.9,16.6,44,10.6,7.5
719,239,2020," Kiner-Falefa, Isiah",180,0.8,22.2,106.2,87.2,90.5,85.8,398,117,370.0,56,31.1,14.8,4,2.2,1.8
625,145,2020," González, Erik",134,5.5,33.6,111.4,88.5,93.0,86.0,443,154,396.0,59,44.0,16.7,9,6.7,4.7
8,8,2022," Pederson, Joc",241,14.6,34.0,112.8,93.3,96.4,91.2,441,191,410.0,130,54.2,20.0,38,15.8,10.6
804,67,2019," Devers, Rafael",531,10.4,33.0,115.0,92.5,96.5,89.9,458,176,403.0,252,48.4,17.4,48,9.0,6.8
1050,63,2018," Harper, Bryce",390,14.4,35.1,115.1,91.0,96.3,85.6,473,187,409.0,177,45.4,13.4,45,11.5,6.5
337,89,2021," Lowrie, Jed",353,16.4,36.5,109.9,90.7,94.1,87.7,433,188,398.0,162,45.9,17.1,33,9.3,6.4
48,48,2022," Harris II, Michael",234,4.0,34.2,112.8,89.3,96.4,85.5,439,140,408.0,106,45.3,15.6,26,11.1,7.6
1466,230,2017," Desmond, Ian",258,0.0,22.5,111.6,87.6,93.1,85.2,421,124,381.0,80,31.3,12.2,7,2.7,1.9
107,107,2022," Vaughn, Andrew",358,7.3,33.8,112.1,90.9,94.9,88.6,444,157,402.0,178,49.9,21.6,27,7.5,5.8
350,102,2021," Taylor, Chris",344,17.4,38.1,110.7,88.2,92.7,82.8,443,182,404.0,131,38.1,12.1,35,10.2,6.0
239,239,2022," Donovan, Brendan",254,6.8,34.3,104.5,86.8,91.1,83.5,403,146,383.0,88,34.6,14.5,6,2.4,1.6
214,214,2022," Merrifield, Whit",376,15.5,38.6,107.6,87.0,90.4,83.9,413,169,384.0,112,29.8,12.3,14,3.7,2.9
1241,5,2017," Davis, Khris",378,14.2,37.6,113.5,92.2,98.7,85.0,458,203,408.0,198,52.4,16.2,67,17.7,10.3
1532,40,2016," Beltré, Adrián",520,14.5,34.2,109.9,90.1,93.7,88.2,456,185,400.0,210,40.4,17.7,44,8.5,6.9
794,57,2019," Mancini, Trey",464,7.8,36.4,113.9,90.3,95.8,85.7,438,172,404.0,198,42.7,15.1,48,10.3,7.1
1113,126,2018," Bell, Josh",402,9.4,29.6,115.6,90.2,94.2,88.5,432,160,402.0,157,39.3,15.4,28,7.0,4.8
1568,76,2016," Abreu, José",508,10.3,32.7,113.4,89.7,92.9,88.3,451,166,408.0,200,39.4,14.5,40,7.9,5.8
1657,165,2016," González, Adrián",457,9.6,38.9,107.8,88.2,91.8,85.2,438,167,392.0,155,33.9,13.5,21,4.6,3.3
524,44,2020," Santander, Anthony",128,24.7,40.6,113.2,88.6,92.1,87.8,426,202,388.0,47,36.7,15.2,13,10.2,7.9
233,233,2022," Hernández, César",404,9.2,34.2,110.8,84.3,88.0,82.5,398,143,398.0,118,29.2,11.8,10,2.5,1.8
645,165,2020," Correa, Carlos",153,11.3,26.1,109.0,88.8,92.9,87.7,461,142,419.0,64,42.1,15.6,9,5.9,4.1
1494,2,2016," Ortiz, David",458,16.9,39.3,113.4,93.2,97.0,89.8,442,213,402.0,216,47.2,20.0,71,15.5,11.3
534,54,2020," Calhoun, Kole",144,17.0,36.1,109.0,89.4,94.0,84.2,438,192,400.0,55,38.2,13.0,17,11.8,7.5
1495,3,2016," Davis, Khris",394,13.3,31.5,115.9,92.0,97.9,86.8,467,194,408.0,190,48.2,15.7,67,17.0,11.0
604,124,2020," Davis, J.D.",135,3.3,29.6,111.2,90.1,96.1,87.4,426,140,388.0,61,45.2,14.3,12,8.9,5.2
1199,212,2018," Wong, Kolten",302,9.1,25.5,107.1,87.6,91.1,85.9,409,149,386.0,93,30.9,14.5,10,3.3,2.5
1075,88,2018," Descalso, Daniel",246,19.1,41.5,105.5,89.0,92.3,85.9,432,210,385.0,86,35.2,11.7,25,10.2,5.9
1291,55,2017," Springer, George",441,9.3,31.1,114.6,89.2,96.1,84.5,473,170,403.0,189,43.2,16.6,41,9.3,6.5
61,61,2022," Morel, Christopher",214,8.7,29.0,112.9,88.9,95.1,84.9,440,151,408.0,82,39.0,12.0,26,12.1,7.3
1250,14,2017," Zimmerman, Ryan",403,8.3,32.3,113.1,91.4,97.8,86.3,462,173,405.0,195,49.1,19.8,49,12.2,8.5
93,93,2022," Vogelbach, Daniel",233,17.3,37.8,110.9,90.2,93.5,87.2,433,191,399.0,99,42.5,17.2,25,10.7,6.3
667,187,2020," Thames, Eric",81,14.6,35.8,105.8,88.7,95.3,83.6,429,177,410.0,38,46.9,13.5,5,6.2,3.6
281,33,2021," Riley, Austin",430,14.2,36.5,114.2,90.1,95.0,84.8,449,178,403.0,196,45.6,15.1,57,13.3,8.6
1104,117,2018," Castro, Starlin",475,8.4,32.0,109.3,88.5,91.9,87.1,427,154,400.0,172,36.2,15.5,33,6.9,5.1
360,112,2021," Conforto, Michael",304,13.2,32.9,111.3,88.5,93.5,84.4,469,166,408.0,120,39.5,13.7,28,9.2,5.8
1119,132,2018," Odor, Rougned",354,13.9,30.2,112.6,90.7,95.1,87.6,447,177,403.0,137,38.7,14.3,25,7.1,4.7
1608,116,2016," Pence, Hunter",303,5.5,26.1,113.7,91.0,95.4,89.0,458,148,403.0,125,41.3,15.2,21,6.9,4.8
848,111,2019," Bader, Harrison",233,15.3,31.3,111.2,88.4,94.2,83.9,454,195,411.0,82,35.3,11.4,23,9.9,5.7
1767,34,2015," Frazier, Todd",490,18.8,32.7,111.7,89.6,93.7,86.7,436,199,404.0,190,38.8,14.0,44,9.0,6.5
111,111,2022," Escobar, Eduardo",300,20.8,36.3,111.5,88.3,92.1,83.3,432,198,395.0,109,36.3,12.3,25,8.3,5.7
43,43,2022," Drury, Brandon",345,13.9,34.2,112.4,89.2,92.7,87.0,437,172,388.0,148,42.9,16.5,38,11.0,7.7
126,126,2022," Kepler, Max",320,11.0,32.2,113.8,89.1,92.7,86.8,423,157,399.0,127,39.8,16.9,23,7.2,5.3
205,205,2022," Garcia, Leury",234,6.0,30.3,109.2,87.0,90.4,85.1,408,136,383.0,82,35.2,12.8,10,4.3,3.2
53,53,2022," Pollock, AJ",322,12.5,33.9,110.8,88.5,94.6,83.9,411,158,384.0,135,41.9,16.4,32,9.9,7.4
546,66,2020," d'Arnaud, Travis",116,8.1,42.2,109.7,93.4,96.2,90.1,434,175,414.0,67,57.8,19.7,13,11.2,7.1
69,69,2022," Arenado, Nolan",417,22.5,36.2,111.4,89.2,93.0,86.6,428,188,386.0,168,40.3,17.3,37,8.9,6.9
1126,139,2018," Correa, Carlos",302,11.6,33.1,112.8,88.2,93.7,84.5,455,164,402.0,101,33.4,12.5,21,7.0,4.5
1533,41,2016," Belt, Brandon",398,21.2,42.2,106.1,87.2,91.6,80.0,457,217,401.0,129,32.4,10.0,45,11.3,6.9
184,184,2022," Moustakas, Mike",180,19.4,36.1,111.7,87.6,90.4,88.3,429,168,404.0,61,33.9,9.8,11,6.1,3.9
138,138,2022," Báez, Javier",342,8.2,27.2,112.1,87.7,92.9,85.2,459,141,393.0,124,36.4,12.8,25,7.3,5.1
900,163,2019," Verdugo, Alex",300,9.0,33.7,111.3,89.4,93.1,88.0,459,162,400.0,117,39.7,17.9,17,5.7,4.5
797,60,2019," Renfroe, Hunter",292,19.1,32.2,114.1,89.9,94.6,85.9,470,199,413.0,115,39.4,12.4,35,12.0,7.1
133,133,2022," Urías, Luis",262,18.8,34.4,109.7,87.2,90.9,84.2,428,181,394.0,93,35.5,12.8,21,8.0,5.2
81,81,2022," Mancini, Trey",335,12.8,40.9,111.8,89.5,93.4,86.3,438,183,385.0,140,41.8,14.5,33,9.9,6.6
1526,34,2016," Ramirez, Hanley",433,9.3,29.6,114.9,90.6,94.9,89.6,455,166,397.0,182,42.0,16.2,45,10.4,7.3
542,62,2020," Anderson, Tim",159,6.7,33.3,108.8,87.2,93.7,82.5,422,149,394.0,57,35.8,13.1,16,10.1,7.2
1581,89,2016," Lucroy, Jonathan",394,14.5,37.6,110.9,87.6,91.4,85.1,429,186,398.0,138,35.0,14.6,29,7.4,5.3
984,247,2019," Peraza, José",320,17.3,32.5,109.4,85.0,87.5,85.2,432,177,384.0,78,25.6,10.6,1,0.3,0.2
166,166,2022," Grichuk, Randal",321,7.7,27.4,111.6,89.7,93.1,88.4,462,149,415.0,138,43.0,16.4,20,6.2,4.4
249,1,2021," Zunino, Mike",202,23.2,31.7,117.3,90.7,100.0,81.4,472,195,403.0,95,47.0,13.5,49,24.3,13.1
447,199,2021," Merrifield, Whit",573,14.1,39.8,107.8,86.9,91.4,82.2,414,169,384.0,165,28.8,12.7,20,3.5,2.8
1138,151,2018," Hosmer, Eric",472,-1.5,26.3,112.2,88.7,95.1,86.3,439,118,400.0,177,38.2,14.2,28,5.9,4.1
859,122,2019," Pham, Tommy",445,5.2,29.7,113.3,90.9,95.4,88.4,458,149,406.0,200,45.0,20.0,35,7.9,5.4
1201,214,2018," Markakis, Nick",552,10.1,38.4,109.3,90.6,92.2,90.2,429,170,398.0,229,41.6,20.3,17,3.1,2.4
98,98,2022," Donaldson, Josh",278,12.5,35.3,111.7,91.0,95.4,86.6,429,165,399.0,120,43.3,13.9,28,10.1,6.1
1957,224,2015," Sánchez, Yolmer",315,6.6,30.2,105.9,85.4,88.7,83.7,393,142,383.0,65,20.6,8.2,4,1.3,1.0
738,1,2019," Cruz, Nelson",326,13.1,38.3,117.0,93.7,99.2,89.0,478,197,411.0,168,51.5,17.2,65,19.9,12.5
1811,78,2015," Souza Jr., Steven",231,13.9,27.7,113.2,88.9,94.4,86.0,446,167,404.0,90,39.0,11.3,22,9.5,5.2
103,103,2022," Walsh, Jared",285,10.7,34.0,112.1,90.1,94.1,87.8,427,159,387.0,121,42.5,14.1,27,9.5,5.9
435,187,2021," Harrison, Josh",433,14.5,39.5,108.2,87.2,89.9,85.5,417,172,396.0,141,32.6,13.6,19,4.4,3.4
75,75,2022," Dalbec, Bobby",195,15.4,31.8,113.9,90.0,93.3,86.8,420,178,393.0,88,45.1,13.3,23,11.8,6.8
1777,44,2015," Soler, Jorge",248,11.1,37.5,116.2,91.7,94.8,89.5,427,183,398.0,107,43.1,13.9,25,10.1,6.2
1191,204,2018," Núñez, Eduardo",415,9.4,27.2,110.2,88.3,90.4,89.6,411,148,383.0,148,35.7,16.2,14,3.4,2.8
919,182,2019," Cabrera, Asdrúbal",351,14.4,37.3,108.4,89.1,93.2,85.2,416,190,390.0,124,35.3,13.0,20,5.7,3.9
1697,205,2016," Owings, Chris",354,8.6,28.8,107.9,88.1,91.3,86.0,415,168,397.0,116,32.8,13.8,10,2.8,2.1
1656,164,2016," Rosario, Eddie",249,11.3,33.3,105.8,87.7,92.4,83.9,446,164,392.0,79,31.7,10.5,12,4.8,3.4
1606,114,2016," Werth, Jayson",392,15.0,31.9,114.7,91.4,92.7,91.8,453,186,411.0,175,44.6,16.5,29,7.4,4.8
763,26,2019," Jiménez, Eloy",336,9.3,32.4,114.1,91.2,96.6,87.4,471,167,409.0,161,47.9,17.3,43,12.8,8.5
990,3,2018," Martinez, J.D.",430,10.8,40.0,116.7,93.0,96.7,89.1,443,184,398.0,226,52.7,17.8,69,16.0,10.6
389,141,2021," Bader, Harrison",284,13.3,27.1,111.5,86.2,91.3,82.7,453,161,405.0,90,31.7,12.0,20,7.0,5.0
236,236,2022," Hoerner, Nico",377,10.6,33.2,108.0,87.1,90.2,86.5,407,152,379.0,125,33.6,15.6,8,2.1,1.7
1493,1,2016," Cabrera, Miguel",484,12.3,40.1,114.3,93.6,97.2,91.0,462,196,405.0,245,50.6,20.0,77,15.9,11.3
268,20,2021," Belt, Brandon",223,23.0,35.0,109.9,89.2,94.2,79.3,452,207,399.0,100,44.8,13.3,38,17.0,10.0
1177,190,2018," Semien, Marcus",510,15.5,34.9,107.1,86.8,91.3,83.3,428,177,393.0,163,32.1,12.9,23,4.5,3.3
118,118,2022," McCutchen, Andrew",353,13.6,34.6,110.6,89.2,93.1,85.7,428,168,390.0,141,39.9,15.6,27,7.6,5.5
1592,100,2016," Blackmon, Charlie",483,15.2,39.1,112.7,87.7,90.6,85.4,455,193,403.0,162,33.5,13.1,33,6.8,5.1
674,194,2020," Solano, Donovan",152,15.5,43.4,108.1,88.5,91.2,85.9,413,186,400.0,53,34.9,13.7,7,4.6,3.4
250,2,2021," Tatis Jr., Fernando",329,13.8,33.1,116.6,93.9,99.9,87.9,477,184,416.0,183,55.6,16.6,70,21.3,12.8
1711,219,2016," Giavotella, Johnny",314,9.7,30.6,104.7,85.7,88.4,84.6,399,151,380.0,69,22.0,11.7,5,1.6,1.4
1978,245,2015," Hamilton, Billy",350,11.0,27.1,104.2,83.7,84.4,83.8,417,163,394.0,31,8.9,3.9,2,0.6,0.4
95,95,2022," Turner, Trea",446,9.4,35.4,112.5,88.9,92.1,86.3,439,161,401.0,188,42.2,15.9,36,8.1,6.1
34,34,2022," Martinez, J.D.",332,13.8,42.8,111.6,89.6,94.4,84.1,422,185,400.0,141,42.5,13.4,41,12.3,8.1
1450,214,2017," Goins, Ryan",332,9.9,27.1,107.0,86.2,90.8,83.9,439,153,400.0,98,29.6,12.8,10,3.0,2.2
1653,161,2016," Díaz, Aledmys",352,12.6,30.1,112.2,89.5,92.7,88.0,440,178,403.0,138,39.2,17.5,16,4.5,3.5
449,201,2021," Iglesias, José",409,11.5,35.5,110.2,85.4,88.9,83.1,417,155,396.0,117,28.6,11.5,14,3.4,2.7
717,237,2020," McNeil, Jeff",162,11.5,37.0,106.2,86.6,90.3,84.1,401,165,393.0,43,26.5,9.4,4,2.5,1.9
1628,136,2016," Lawrie, Brett",243,16.8,30.9,109.8,88.9,93.0,87.8,417,180,394.0,84,34.6,12.2,16,6.6,4.2
1504,12,2016," Trout, Mike",417,13.8,37.6,117.1,90.9,94.3,87.2,446,197,412.0,168,40.3,14.6,60,14.4,8.8
1,1,2022," Judge, Aaron",341,14.6,37.8,118.4,95.8,100.2,89.1,465,205,413.0,210,61.6,20.3,91,26.7,15.8
1362,126,2017," Mazara, Nomar",430,11.3,30.5,113.6,89.0,94.9,85.6,453,165,414.0,159,37.1,14.1,28,6.5,4.5
1102,115,2018," Cervelli, Francisco",254,16.3,35.8,110.2,88.8,93.6,84.5,428,183,383.0,101,39.8,15.4,21,8.3,5.2
1109,122,2018," Taylor, Chris",362,16.4,39.5,111.5,88.9,92.4,84.8,440,196,399.0,136,38.5,11.6,30,8.3,5.0
1743,10,2015," Carter, Chris",245,21.0,32.7,113.8,91.2,97.5,83.5,454,219,407.0,115,46.9,12.8,38,15.5,8.3
83,83,2022," Votto, Joey",225,14.2,32.9,111.9,89.7,95.8,84.0,418,167,387.0,92,41.3,13.1,25,11.1,6.6
1275,39,2017," Duda, Lucas",290,19.2,40.3,114.5,90.3,95.2,85.1,451,208,404.0,127,43.8,15.6,35,12.1,7.1
677,197,2020," Altuve, Jose",153,9.3,24.8,106.9,86.7,93.6,83.6,437,141,396.0,51,33.3,13.4,7,4.6,3.3
1958,225,2015," Strange-Gordon, Dee",535,2.1,28.6,106.9,84.5,87.6,82.8,406,125,379.0,91,17.0,7.8,6,1.1,0.9
1047,60,2018," Duvall, Adam",268,22.6,31.0,109.6,89.0,93.5,85.6,441,202,392.0,111,41.6,13.5,28,10.4,6.6
771,34,2019," Odor, Rougned",346,17.9,30.6,113.1,91.1,96.2,87.1,471,203,404.0,157,45.6,14.0,47,13.6,8.1
1205,218,2018," Heyward, Jason",384,9.6,29.7,110.7,88.3,91.2,88.8,423,163,396.0,149,38.8,17.9,11,2.9,2.3
1779,46,2015," González, Adrián",467,14.2,40.7,107.9,88.8,93.3,84.4,447,194,392.0,172,36.8,13.9,39,8.4,6.1
1566,74,2016," Holliday, Matt",312,8.6,27.9,115.5,93.1,96.7,92.1,466,171,399.0,149,47.8,19.7,25,8.0,5.9
1475,239,2017," Frazier, Adam",353,9.2,37.1,111.9,85.8,87.9,84.3,432,158,401.0,84,24.2,10.4,7,2.0,1.5
405,157,2021," Flores, Wilmer",336,18.0,32.7,109.7,88.6,92.7,84.9,429,179,393.0,119,35.4,15.0,20,6.0,4.6
1713,221,2016," Ellsbury, Jacoby",474,10.7,30.8,109.9,86.9,89.9,86.7,431,157,382.0,149,31.4,13.7,8,1.7,1.3
1285,49,2017," Puig, Yasiel",404,10.4,27.2,116.0,88.5,94.1,85.7,450,163,411.0,151,37.6,15.4,38,9.4,6.7
1327,91,2017," Santana, Carlos",479,13.0,28.4,112.3,88.6,93.4,85.1,434,173,395.0,184,38.6,17.4,36,7.5,5.4
105,105,2022," Lindor, Francisco",416,14.1,28.8,110.7,89.3,93.3,86.5,440,164,392.0,171,41.1,15.2,34,8.2,5.8
689,209,2020," Hays, Austin",99,11.0,27.3,106.9,87.0,88.8,86.5,407,146,405.0,31,31.3,12.1,4,4.0,3.0
1392,156,2017," Russell, Addison",261,14.8,35.6,110.0,88.0,91.0,85.3,437,188,401.0,92,35.2,12.4,15,5.7,3.9
827,90,2019," Myers, Wil",269,12.2,32.7,111.5,90.2,96.7,85.6,468,177,408.0,111,41.4,12.3,30,11.2,6.1
63,63,2022," Machado, Manny",380,15.8,35.8,112.4,91.7,95.6,90.6,463,178,401.0,190,50.0,19.0,39,10.3,7.2
853,116,2019," Mondesi, Adalberto",292,10.2,31.2,108.4,88.8,92.6,86.3,443,169,413.0,99,34.3,10.6,25,8.6,5.6
1340,104,2017," Shaw, Travis",404,14.9,34.7,113.7,88.6,93.3,85.3,478,184,402.0,159,39.4,14.6,30,7.4,5.0
224,224,2022," Senzel, Nick",265,11.7,35.8,109.5,87.0,90.7,85.2,410,155,378.0,84,31.9,13.6,9,3.4,2.4
146,146,2022," Paredes, Isaac",218,15.6,27.5,110.4,87.3,92.8,84.5,411,162,388.0,84,38.5,16.0,15,6.9,4.9
1089,102,2018," Bregman, Alex",512,16.8,37.9,107.6,89.4,93.5,86.3,420,190,384.0,204,39.9,19.5,39,7.6,5.5
374,126,2021," Betts, Mookie",385,18.9,34.0,107.9,90.3,93.3,87.1,427,186,396.0,158,41.0,17.5,30,7.8,5.5
1407,171,2017," Mauer, Joe",445,6.2,35.7,108.2,90.6,94.8,87.4,413,155,395.0,206,46.3,21.6,20,4.5,3.4
1143,156,2018," Dietrich, Derek",361,15.8,34.1,111.0,87.4,90.8,86.2,448,170,397.0,136,37.8,12.5,22,6.1,4.0
1812,79,2015," Zunino, Mike",228,21.8,28.9,110.6,88.8,93.7,83.7,452,200,413.0,77,33.8,9.7,20,8.8,5.2
1481,245,2017," Asuaje, Carlos",237,14.3,36.7,103.1,84.5,89.4,80.1,420,169,393.0,44,18.8,7.2,4,1.7,1.2
1587,95,2016," Desmond, Ian",468,4.8,28.4,112.0,90.7,94.3,89.2,445,147,403.0,204,43.6,17.0,35,7.5,5.2
1337,101,2017," Joseph, Tommy",369,14.1,30.9,112.8,89.3,94.2,86.8,447,177,401.0,148,40.3,14.7,27,7.3,5.1
10,10,2022," Mountcastle, Ryan",350,15.7,38.6,112.0,91.1,94.4,87.8,437,186,408.0,161,46.0,14.3,49,14.0,9.6
450,202,2021," Gurriel, Yuli",474,13.4,31.0,109.1,89.8,91.0,91.3,413,161,384.0,199,42.0,20.3,16,3.4,2.6
709,229,2020," Adell, Jo",69,11.4,30.4,115.5,90.6,93.2,90.9,437,157,407.0,25,36.2,9.0,3,4.3,2.3
256,8,2021," Judge, Aaron",397,11.6,38.5,119.0,95.8,98.5,93.3,455,185,402.0,230,58.4,20.4,70,17.6,11.1
883,146,2019," Aguilar, Jesús",240,13.8,33.8,112.2,89.4,93.2,87.1,446,175,402.0,92,38.3,13.7,18,7.5,4.9
390,142,2021," Severino, Pedro",275,15.2,33.5,114.6,88.2,93.8,85.5,442,160,407.0,106,38.5,13.1,21,7.6,5.0
909,172,2019," Chirinos, Robinson",248,16.9,35.1,107.8,87.0,92.8,80.4,431,179,395.0,90,37.0,11.1,19,7.7,4.3
925,188,2019," Goodrum, Niko",287,13.0,37.3,109.4,89.3,92.5,86.8,419,176,381.0,119,41.8,12.6,18,6.3,3.8
1689,197,2016," Span, Denard",501,6.6,29.5,108.8,86.0,88.9,84.9,441,145,381.0,149,29.7,13.7,14,2.8,2.2
1221,234,2018," Jackson, Austin",215,11.1,33.5,108.6,87.0,90.5,84.9,419,158,404.0,69,32.4,9.5,6,2.8,1.6
461,213,2021," Dickerson, Corey",269,10.1,29.0,109.8,87.8,93.0,85.4,432,141,398.0,96,35.7,11.9,8,3.0,2.2
1256,20,2017," Machado, Manny",524,13.6,30.2,116.3,91.3,96.7,88.6,470,179,406.0,249,47.5,20.0,55,10.5,8.0
1169,182,2018," Simmons, Andrelton",516,7.8,27.9,109.7,88.2,92.0,87.4,402,149,382.0,186,36.3,20.6,21,4.1,3.5
959,222,2019," Phegley, Josh",258,17.4,34.5,106.3,84.1,89.1,78.7,413,186,382.0,62,24.3,10.2,8,3.1,2.3
502,22,2020," Trout, Mike",147,23.1,36.1,112.9,93.7,96.1,91.5,449,219,413.0,81,55.1,21.6,22,15.0,9.1
740,3,2019," Trout, Mike",354,22.2,43.8,116.6,90.9,95.1,84.2,486,234,419.0,155,44.4,16.8,67,18.9,11.2
1835,102,2015," Perez, Salvador",454,13.0,32.8,110.9,87.3,90.9,85.8,454,179,406.0,148,32.6,14.9,24,5.3,4.3
869,132,2019," Escobar, Eduardo",516,18.4,38.6,106.9,87.8,91.1,83.8,433,212,393.0,162,31.4,11.4,36,7.0,5.2
732,252,2020," Newman, Kevin",138,8.7,32.6,104.7,85.5,87.7,84.5,400,148,381.0,39,28.3,13.5,1,0.7,0.6
540,60,2020," Muncy, Max",145,14.2,29.0,109.8,88.5,94.7,81.9,428,179,402.0,58,40.0,14.4,18,12.4,7.3
1202,215,2018," Cain, Lorenzo",447,4.9,30.9,112.4,89.1,91.0,88.6,431,139,402.0,181,40.5,17.4,15,3.4,2.4
698,218,2020," Iglesias, José",126,7.6,43.7,110.2,86.2,91.5,82.5,396,154,386.0,46,36.5,16.7,4,3.2,2.7
1379,143,2017," Martinez, Victor",331,13.3,37.8,107.1,88.7,92.7,85.1,420,182,381.0,114,34.5,14.7,18,5.4,4.1
1363,127,2017," Herrera, Odúbel",402,9.7,35.1,114.6,87.2,91.0,85.5,434,172,396.0,130,32.3,11.2,25,6.2,4.4
1146,159,2018," Murphy, Daniel",291,16.2,42.3,106.9,87.6,89.4,87.1,425,195,394.0,84,29.0,13.0,14,4.8,4.0
1032,45,2018," Grandal, Yasmani",319,14.1,32.9,111.0,88.9,94.5,84.5,429,187,404.0,127,40.4,14.9,37,11.6,7.1
373,125,2021," Verdugo, Alex",453,7.7,34.7,110.8,90.0,94.6,87.2,446,150,402.0,196,43.3,18.7,33,7.3,5.5
668,188,2020," Gonzalez, Marwin",138,12.6,31.9,106.0,89.2,92.6,86.0,430,171,406.0,53,38.4,15.4,7,5.1,3.5
1512,20,2016," Moss, Brandon",277,22.5,37.2,113.5,88.5,93.5,82.2,454,223,400.0,108,39.0,11.7,37,13.4,8.0
358,110,2021," Anderson, Tim",409,4.3,32.5,110.2,89.6,94.8,86.3,417,141,389.0,171,42.3,14.7,32,7.8,5.8
968,231,2019," Barnhart, Tucker",235,11.8,32.8,107.5,86.4,90.2,84.2,415,166,380.0,63,27.9,9.6,7,3.0,1.9
784,47,2019," Voit, Luke",288,12.7,38.5,112.6,89.7,95.4,82.8,470,183,410.0,118,41.5,12.4,38,13.2,7.5
736,256,2020," Simmons, Andrelton",102,6.0,27.5,105.8,86.5,87.8,89.0,359,113,,32,31.4,15.2,0,0.0,0.0
1036,49,2018," Schebler, Scott",283,8.7,32.9,111.1,90.2,94.1,88.0,449,161,406.0,121,42.8,14.0,30,10.6,7.0
971,234,2019," Grossman, Robbie",336,12.1,36.0,110.6,87.7,90.0,86.3,423,174,389.0,103,30.9,14.1,8,2.4,1.7
1511,19,2016," Davis, Chris",350,17.2,35.7,111.2,91.1,96.2,85.9,446,212,405.0,154,44.0,13.1,53,15.1,8.0
1473,237,2017," Davis, Rajai",255,11.3,34.1,107.0,86.0,90.9,82.9,410,167,387.0,63,24.8,9.3,6,2.4,1.6
1510,18,2016," Freeman, Freddie",423,17.3,44.7,114.6,91.3,95.6,85.3,448,214,396.0,189,44.7,13.2,56,13.2,8.1
1477,241,2017," Núñez, Eduardo",416,6.3,25.2,111.5,86.4,91.2,84.7,412,139,388.0,134,32.4,14.6,7,1.7,1.4
1786,53,2015," Carpenter, Matt",427,16.9,42.4,109.5,88.9,91.5,84.1,439,216,406.0,153,35.8,14.0,39,9.1,5.9
1745,12,2015," Harper, Bryce",394,14.7,37.1,116.0,91.4,94.8,89.3,461,188,402.0,187,47.5,15.8,51,12.9,7.8
1237,1,2017," Judge, Aaron",338,15.8,38.2,121.1,95.0,100.5,88.6,496,216,413.0,185,54.7,15.1,87,25.7,12.8
886,149,2019," Ahmed, Nick",456,7.6,35.5,108.3,87.8,91.8,84.6,443,161,410.0,155,34.0,13.3,30,6.6,4.8
80,80,2022," Cooper, Garrett",255,8.6,38.8,112.6,89.5,93.8,84.4,446,170,407.0,108,42.4,14.9,27,10.6,6.7
1173,186,2018," Maldonado, Martín",279,14.7,30.8,108.9,85.7,90.0,83.0,425,168,397.0,74,26.5,9.5,14,5.0,3.5
815,78,2019," Kepler, Max",429,18.2,30.5,112.5,89.7,92.9,88.8,438,195,392.0,179,42.1,16.8,38,8.9,6.4
1272,36,2017," Morales, Kendrys",428,9.5,31.1,113.0,91.1,96.2,87.5,465,173,414.0,199,46.6,17.2,43,10.0,7.1
672,192,2020," Solak, Nick",171,9.4,27.5,111.7,89.9,90.6,90.2,413,156,384.0,69,40.4,17.6,8,4.7,3.4
1518,26,2016," Bryant, Kris",452,20.8,36.3,112.6,89.3,93.9,83.4,469,204,401.0,176,38.9,13.4,53,11.7,7.6
58,58,2022," Tucker, Kyle",376,19.9,34.3,111.3,89.6,93.0,85.5,445,194,398.0,152,40.4,15.0,37,9.8,7.3
134,134,2022," Moncada, Yoán",210,13.9,32.4,111.5,88.4,92.5,84.4,437,168,411.0,76,36.2,12.6,17,8.1,5.2
1141,154,2018," Anderson, Brian",463,8.7,29.2,113.3,90.2,93.0,89.6,434,149,398.0,196,42.4,16.0,27,5.8,4.0
934,197,2019," Merrifield, Whit",559,15.6,41.9,104.8,87.0,90.6,82.9,434,183,392.0,161,29.0,11.8,24,4.3,3.3
1670,178,2016," Molina, Yadier",473,9.4,35.5,106.6,87.8,90.7,85.9,414,171,387.0,133,28.1,12.0,17,3.6,2.9
824,87,2019," Cooper, Garrett",273,4.5,33.7,113.5,89.1,94.2,85.7,447,151,418.0,110,40.3,13.3,26,9.5,6.2
1215,228,2018," Lucroy, Jonathan",357,13.5,37.0,106.6,86.9,90.1,85.7,408,169,386.0,98,27.5,12.8,8,2.2,1.8
505,25,2020," Smith, Dominic",135,10.8,43.0,110.7,89.8,94.9,83.1,441,179,403.0,63,46.7,16.0,18,13.3,9.0
1760,27,2015," Zimmerman, Ryan",277,8.0,32.1,111.3,91.8,95.0,89.5,443,169,418.0,134,48.4,21.0,27,9.7,6.9
348,100,2021," Kelenic, Jarred",232,14.4,32.8,110.9,87.5,92.7,83.8,435,171,402.0,91,39.2,12.9,23,9.9,6.1
387,139,2021," Arozarena, Randy",364,7.6,29.7,112.6,89.9,94.5,87.3,445,149,401.0,154,42.3,14.1,30,8.2,5.0
1025,38,2018," Ozuna, Marcell",476,10.8,30.3,117.2,91.5,94.9,90.1,479,165,415.0,214,45.1,19.0,46,9.7,7.3
895,158,2019," Cabrera, Miguel",390,12.3,38.2,111.4,90.3,92.3,89.1,453,173,396.0,173,44.7,17.2,25,6.4,4.6
829,92,2019," Arenado, Nolan",503,17.7,34.6,109.9,89.4,92.9,87.9,463,192,406.0,189,37.6,15.4,40,8.0,6.0
1877,144,2015," Gordon, Alex",267,15.7,33.7,110.8,88.4,91.5,86.2,455,188,403.0,91,34.1,12.9,14,5.2,3.3
476,228,2021," Kemp, Tony",288,18.4,38.5,100.6,86.7,89.8,82.8,387,178,359.0,63,21.9,9.9,3,1.0,0.8
1457,221,2017," Reyes, José",430,15.8,32.8,108.4,84.3,88.5,82.4,406,179,384.0,104,24.2,11.1,11,2.6,2.0
1434,198,2017," Kepler, Max",401,13.2,31.9,113.2,88.7,92.3,88.0,440,174,398.0,147,36.7,15.9,16,4.0,2.8
1875,142,2015," Martinez, Victor",395,15.0,33.7,108.9,87.7,90.7,86.1,419,182,376.0,131,33.2,14.5,16,4.1,3.3
653,173,2020," Meadows, Austin",84,24.2,28.6,108.6,90.3,94.4,85.4,445,208,407.0,37,44.0,12.2,6,7.1,3.9
173,173,2022," Mateo, Jorge",296,15.2,36.8,111.3,86.8,91.2,82.7,412,172,394.0,94,31.8,10.4,19,6.4,4.2
1150,163,2018," Jones, Adam",491,13.2,35.6,108.1,88.3,91.5,86.9,422,174,396.0,162,33.1,13.6,24,4.9,3.9
39,39,2022," Betts, Mookie",397,18.6,35.3,109.0,90.4,94.5,85.7,421,196,394.0,179,45.2,19.8,42,10.6,7.9
714,234,2020," Mullins, Cedric",107,15.9,23.4,110.2,88.6,92.5,87.4,427,126,402.0,34,31.8,11.1,3,2.8,2.0
91,91,2022," Cruz, Nelson",317,7.2,28.1,113.8,90.9,94.1,89.4,440,138,408.0,147,46.4,15.0,31,9.8,6.4
1920,187,2015," Bogaerts, Xander",518,6.8,28.0,111.8,88.0,91.1,87.0,437,144,401.0,175,33.8,14.1,13,2.5,2.0
1206,219,2018," Flores, Wilmer",353,17.4,32.6,108.5,86.4,89.7,85.8,422,180,384.0,95,27.3,12.5,10,2.8,2.3
876,139,2019," Frazier, Todd",341,17.1,34.6,108.4,88.3,92.0,85.8,437,185,392.0,129,38.3,15.1,25,7.3,5.0
1950,217,2015," Gregorius, Didi",449,10.4,33.2,107.2,85.4,88.1,84.0,416,161,388.0,110,24.5,10.1,7,1.6,1.2
1874,141,2015," García, Avisaíl",416,6.8,34.1,116.1,88.5,92.6,85.7,454,158,402.0,156,37.5,12.4,20,4.8,3.3
1094,107,2018," McCutchen, Andrew",431,13.4,36.2,110.9,90.0,94.1,86.2,427,179,387.0,180,41.9,15.7,36,8.4,5.3
1156,169,2018," Lowrie, Jed",471,17.4,38.0,108.0,89.2,91.9,86.5,412,197,380.0,178,37.9,14.2,25,5.3,3.7
1683,191,2016," Pagán, Ángel",432,12.4,36.1,107.0,85.7,87.4,85.5,427,165,390.0,94,21.8,10.9,13,3.0,2.4
1942,209,2015," LeMahieu, DJ",462,2.9,32.5,108.0,90.5,92.6,89.0,462,145,410.0,186,40.3,17.5,9,1.9,1.5
500,20,2020," Gyorko, Jedd",81,15.3,35.8,108.0,88.6,95.1,83.4,423,179,396.0,35,43.2,14.6,13,16.0,9.6
339,91,2021," Contreras, Willson",279,9.6,30.1,115.4,91.8,96.0,89.6,464,155,410.0,135,48.4,15.2,31,11.1,6.4
1189,202,2018," Harrison, Josh",283,15.7,36.0,105.1,85.9,90.3,81.7,421,180,386.0,74,26.1,9.7,11,3.9,2.9
29,29,2022," Rodríguez, Julio",331,10.2,32.6,115.0,92.0,96.1,89.5,450,160,397.0,166,50.2,17.0,43,13.0,8.4
1218,231,2018," Engel, Adam",308,14.7,27.3,113.4,87.0,91.7,85.3,423,170,399.0,100,32.5,10.9,8,2.6,1.7
1539,47,2016," Hosmer, Eric",477,4.0,26.0,114.9,92.0,95.3,90.5,447,155,403.0,211,44.2,16.9,44,9.2,6.6
1806,73,2015," Werth, Jayson",253,15.3,35.2,112.7,90.0,94.9,85.5,448,197,408.0,103,40.7,17.3,20,7.9,5.3
946,209,2019," Andrus, Elvis",514,7.2,32.5,110.2,88.4,90.6,87.6,447,151,402.0,178,34.8,15.2,18,3.5,2.8
170,170,2022," Hosmer, Eric",312,3.3,29.5,112.9,88.3,91.3,88.2,412,125,395.0,123,39.4,15.7,18,5.8,4.3
1907,174,2015," Pedroia, Dustin",334,9.0,26.3,104.7,88.1,91.7,86.3,412,153,390.0,85,25.4,12.0,10,3.0,2.4
1198,211,2018," Pirela, José",351,4.7,25.1,112.1,89.0,91.2,89.3,424,132,408.0,129,37.4,15.3,12,3.4,2.5
1254,18,2017," Sanó, Miguel",252,13.1,36.9,114.6,92.3,98.5,85.3,469,200,413.0,118,47.0,12.3,40,15.9,8.3
1385,149,2017," Turner, Trea",333,7.1,29.1,111.9,89.1,94.0,86.3,437,160,402.0,130,39.2,17.4,18,5.4,4.0
913,176,2019," Kiermaier, Kevin",345,6.9,26.4,111.4,89.2,93.3,88.3,437,146,412.0,130,37.7,13.3,19,5.5,4.0
492,12,2020," Abreu, José",182,10.9,37.4,114.0,92.9,97.1,89.2,452,177,406.0,97,53.3,19.5,26,14.3,9.9
954,217,2019," Segura, Jean",507,7.2,31.0,113.1,88.2,90.6,87.8,427,149,389.0,166,32.7,15.7,16,3.2,2.6
1098,111,2018," Healy, Ryon",382,12.3,32.2,112.0,89.6,93.2,88.4,441,165,402.0,159,41.6,17.5,27,7.1,5.2
1033,46,2018," Lindor, Francisco",560,14.7,34.3,114.5,90.6,94.3,88.3,445,189,400.0,227,41.0,16.5,52,9.3,7.0
588,108,2020," Story, Trevor",172,20.8,40.1,109.0,89.9,94.0,86.4,449,205,414.0,71,41.3,14.9,15,8.7,5.8
751,14,2019," Reyes, Franmil",345,9.5,33.3,115.0,93.3,98.2,88.6,457,181,408.0,176,51.0,16.1,51,14.8,9.3
658,178,2020," O'Hearn, Ryan",77,11.9,32.5,105.4,90.7,95.8,86.1,433,173,421.0,34,44.2,14.5,5,6.5,3.8
235,235,2022," Nola, Austin",248,11.0,35.5,109.1,89.4,91.3,89.1,395,166,393.0,98,39.5,18.1,6,2.4,1.8
733,253,2020," Wong, Kolten",154,10.8,31.2,103.7,86.5,89.4,85.8,392,139,353.0,41,26.6,11.0,1,0.6,0.5
1972,239,2015," Infante, Omar",377,14.2,29.7,104.7,84.2,87.1,82.8,397,165,387.0,77,20.4,10.4,3,0.8,0.7
1618,126,2016," Perez, Salvador",397,18.9,29.5,112.7,88.8,92.5,88.5,432,186,396.0,150,37.8,14.6,25,6.3,4.6
1157,170,2018," Gregorius, Didi",445,16.0,32.8,109.4,87.0,90.8,86.0,430,180,379.0,137,30.8,12.7,21,4.7,3.7
1456,220,2017," Phillips, Brandon",502,8.2,31.1,108.4,84.6,89.2,82.1,434,142,406.0,124,25.1,10.5,12,2.4,2.0
1727,235,2016," Suzuki, Ichiro",290,7.4,36.2,105.5,84.2,86.6,83.6,392,143,369.0,58,20.0,9.1,2,0.7,0.5
1613,121,2016," Valbuena, Luis",216,16.1,32.4,109.4,87.4,92.4,82.3,437,189,404.0,67,31.0,10.3,16,7.4,4.7
935,198,2019," Bregman, Alex",479,19.6,35.5,107.4,89.3,92.3,88.0,440,202,382.0,178,38.0,17.4,23,4.8,3.3
1210,223,2018," Peraza, José",570,15.0,37.7,108.7,85.8,87.3,85.9,426,177,391.0,134,23.6,11.7,14,2.5,2.0
1066,79,2018," Canha, Mark",279,15.5,36.6,108.5,87.0,92.7,82.9,434,182,400.0,97,34.8,12.7,25,9.0,6.1
109,109,2022," Urshela, Gio",324,12.1,40.4,110.3,89.2,92.5,86.2,434,176,401.0,130,40.1,15.7,25,7.7,5.8
1610,118,2016," Kipnis, Jason",476,14.8,38.2,108.2,89.9,93.7,86.3,445,187,400.0,188,39.5,15.8,32,6.7,4.7
569,89,2020," Castro, Willi",94,11.3,38.3,109.6,85.3,89.1,82.4,445,170,398.0,30,31.9,10.2,9,9.6,6.4
1168,181,2018," Adrianza, Ehire",259,16.4,34.4,107.1,86.6,90.3,83.2,405,182,388.0,79,30.6,11.5,13,5.0,3.6
1175,188,2018," Camargo, Johan",359,12.6,31.2,109.6,88.0,91.0,86.8,431,166,389.0,121,33.7,11.7,18,5.0,3.4
891,154,2019," Rizzo, Anthony",429,12.6,36.8,113.4,89.0,92.5,87.0,472,176,401.0,158,37.0,14.0,29,6.8,4.7
948,211,2019," Smith Jr., Dwight",280,7.3,30.4,114.3,89.1,92.0,88.0,442,156,403.0,110,39.3,16.1,11,3.9,2.8
1049,62,2018," Abreu, José",396,12.2,35.4,115.5,91.3,95.1,89.1,451,178,407.0,179,45.2,17.3,36,9.1,6.5
1339,103,2017," Schoop, Jonathan",487,13.0,35.3,116.0,87.8,92.7,85.3,462,169,402.0,181,37.2,13.6,34,7.0,5.0
1358,122,2017," Hernández, Enrique",221,13.6,30.8,111.5,88.5,93.1,84.5,421,178,397.0,80,36.5,12.2,16,7.2,4.7
1433,197,2017," Gurriel, Yuli",473,10.4,29.2,114.4,89.9,94.4,87.8,435,170,393.0,205,43.5,21.9,16,3.4,2.8
885,148,2019," Hedges, Austin",206,21.6,32.0,108.7,86.7,92.0,81.7,449,193,403.0,67,32.5,9.5,17,8.3,4.9
1658,166,2016," Martin, Leonys",380,12.9,30.3,111.5,87.6,90.9,86.8,419,162,383.0,119,31.3,10.3,19,5.0,3.3
851,114,2019," Turner, Justin",396,17.8,38.6,107.7,90.3,93.1,88.1,433,202,401.0,168,43.0,17.2,31,7.8,5.6
735,255,2020," Fletcher, David",185,4.1,30.8,107.0,84.7,86.7,85.2,365,126,359.0,33,17.8,9.8,1,0.5,0.4
718,238,2020," Molina, Yadier",126,12.3,38.1,104.2,84.7,90.2,81.8,413,163,385.0,32,25.4,10.4,3,2.4,1.9
455,207,2021," Heredia, Guillermo",225,12.7,35.6,109.7,86.6,92.1,82.1,433,162,402.0,78,34.7,11.7,9,4.0,2.6
265,17,2021," Alonso, Pete",438,14.7,34.5,118.4,91.0,95.5,88.0,453,183,407.0,207,47.3,18.3,65,14.8,10.2
76,76,2022," Abreu, José",421,8.4,35.2,113.0,91.9,94.5,90.2,451,160,407.0,214,51.0,19.5,39,9.3,6.7
1643,151,2016," Castillo, Welington",299,12.9,34.1,112.1,88.8,92.1,85.7,438,185,391.0,112,37.5,13.8,18,6.0,3.9
445,197,2021," Stallings, Jacob",291,10.7,37.1,106.2,88.1,91.1,85.5,409,164,393.0,106,36.4,14.7,13,4.5,3.0
396,148,2021," Zimmer, Bradley",181,6.8,29.3,113.9,90.7,95.2,87.4,471,152,438.0,77,42.5,12.5,17,9.4,4.9
177,177,2022," Tapia, Raimel",265,4.3,29.4,111.7,87.8,91.2,85.4,441,136,393.0,101,38.1,14.5,14,5.3,4.1
1043,56,2018," Alonso, Yonder",398,15.7,36.9,112.3,87.8,92.5,85.5,431,181,399.0,146,37.5,13.2,39,9.8,6.8
1721,229,2016," Jay, Jon",271,7.0,34.3,103.4,86.1,89.1,84.2,406,137,376.0,63,23.2,8.5,3,1.1,0.8
1388,152,2017," Mahtook, Mikie",271,10.2,32.8,111.9,88.4,92.0,85.6,448,171,410.0,103,38.0,15.3,15,5.5,4.0
1367,131,2017," Pence, Hunter",395,4.2,25.3,114.0,89.0,94.0,86.8,444,142,395.0,148,37.6,15.5,23,5.8,4.3
596,116,2020," Laureano, Ramón",128,12.3,34.4,111.3,87.7,93.7,84.1,441,168,402.0,44,34.4,12.2,12,9.4,5.4
62,62,2022," Bichette, Bo",410,9.9,34.1,111.6,91.8,95.0,89.8,427,165,388.0,207,50.5,17.5,42,10.2,7.2
1297,61,2017," Correa, Carlos",334,9.3,38.6,112.0,90.5,95.2,86.7,449,173,399.0,150,44.9,18.7,31,9.3,6.4
873,136,2019," Davis, Chris",171,14.1,39.8,108.4,89.1,93.1,84.0,417,193,390.0,67,39.2,10.9,18,10.5,5.1
1476,240,2017," Peraza, José",421,11.2,32.5,106.9,82.8,84.3,83.2,445,154,406.0,84,20.0,8.8,7,1.7,1.4
1863,130,2015," Castro, Starlin",461,7.1,28.2,113.2,86.3,90.3,84.8,448,146,412.0,129,28.0,12.4,20,4.3,3.5
279,31,2021," Olson, Matt",463,16.2,32.4,115.3,91.6,96.1,88.7,445,178,401.0,226,48.8,17.3,59,12.7,8.8
37,37,2022," Murphy, Sean",352,12.2,34.7,114.0,88.9,95.7,84.1,454,170,411.0,150,42.6,15.4,41,11.6,8.0
1502,10,2016," Stanton, Giancarlo",275,13.9,29.5,120.1,93.9,97.0,93.9,504,187,423.0,131,47.6,15.2,43,15.6,9.2
663,183,2020," Blackmon, Charlie",182,13.5,38.5,109.7,86.9,89.5,84.6,446,175,418.0,54,29.7,11.9,9,4.9,3.6
1792,59,2015," Canó, Robinson",521,5.5,32.4,112.5,91.0,95.3,88.1,449,157,405.0,238,45.7,19.5,38,7.3,5.6
1789,56,2015," Plouffe, Trevor",454,13.6,33.5,108.2,89.8,93.6,87.3,432,187,398.0,179,39.4,16.6,36,7.9,5.7
978,241,2019," Smith, Mallex",372,7.3,29.0,105.7,85.2,88.6,83.4,398,144,379.0,74,20.1,6.8,8,2.2,1.4
1557,65,2016," Russell, Addison",396,15.2,32.3,108.1,87.6,92.3,84.4,465,182,399.0,125,31.6,10.7,37,9.3,6.2
739,2,2019," Sánchez, Gary",272,19.2,33.5,118.3,91.1,96.0,86.2,481,208,417.0,112,42.3,13.6,52,19.1,11.7
192,192,2022," Rengifo, Luis",318,10.6,33.6,109.3,86.9,90.8,85.7,434,149,395.0,108,34.0,13.5,14,4.4,3.5
920,183,2019," Hernández, Enrique",321,19.4,35.5,113.3,88.3,91.8,86.7,432,188,398.0,110,34.5,12.6,18,5.6,3.9
457,209,2021," Garcia, Leury",332,4.3,29.8,109.6,86.1,90.2,83.5,430,129,406.0,108,32.5,12.3,11,3.3,2.3
676,196,2020," Bryant, Kris",91,20.7,34.1,108.8,86.1,92.4,79.9,446,181,420.0,29,31.9,10.2,5,5.5,3.4
761,24,2019," Báez, Javier",377,7.7,36.3,114.1,91.1,96.1,86.7,460,172,404.0,163,43.6,14.7,48,12.7,8.6
1813,80,2015," Lind, Adam",405,10.7,31.4,109.8,89.5,93.6,86.9,438,177,401.0,146,36.0,14.6,29,7.2,5.1
1588,96,2016," Beltrán, Carlos",455,12.6,32.3,110.9,90.1,92.5,90.0,436,171,386.0,175,38.5,17.5,31,6.8,5.2
729,249,2020," Hoerner, Nico",86,0.8,26.7,106.7,87.5,93.5,84.0,391,130,,32,37.2,13.7,1,1.2,0.8
413,165,2021," Solak, Nick",355,7.0,29.3,110.6,86.9,92.9,83.4,423,138,386.0,119,33.5,12.6,23,6.5,4.5
1099,112,2018," Franco, Maikel",374,9.5,29.4,114.5,88.0,91.7,88.0,435,153,394.0,127,34.1,14.9,24,6.4,5.2
826,89,2019," Santana, Danny",328,13.5,37.8,113.1,91.4,94.7,88.2,448,191,406.0,143,43.6,13.2,31,9.5,6.1
1970,237,2015," Gennett, Scooter",307,11.1,33.9,103.6,85.2,88.8,83.1,401,159,389.0,69,22.5,9.0,3,1.0,0.8
617,137,2020," Nimmo, Brandon",143,7.6,30.8,106.9,87.2,92.3,84.3,425,149,400.0,47,32.9,11.5,11,7.7,4.9
115,115,2022," Slater, Austin",166,5.3,42.8,109.4,89.0,94.6,85.0,408,144,380.0,66,39.8,12.7,16,9.6,5.6
418,170,2021," Bohm, Alec",273,5.6,33.3,111.6,92.0,93.6,91.5,436,145,387.0,135,49.5,16.5,18,6.6,4.3
1894,161,2015," Mauer, Joe",486,4.4,33.3,107.6,89.5,94.4,86.5,434,144,401.0,194,39.9,17.6,18,3.7,2.7
970,233,2019," Newman, Kevin",434,8.5,33.4,107.1,85.3,87.9,83.7,426,150,399.0,107,24.8,11.2,9,2.1,1.7
605,125,2020," Urshela, Gio",130,12.3,38.5,111.0,91.4,93.6,89.9,412,178,383.0,53,40.8,17.4,9,6.9,5.2
1902,169,2015," McCann, James",316,8.6,30.1,108.3,88.3,90.4,87.7,427,149,397.0,118,37.3,15.0,11,3.5,2.6
90,90,2022," Witt Jr., Bobby",382,17.3,33.5,113.7,90.2,92.6,88.4,443,186,416.0,153,40.1,15.1,34,8.9,6.4
849,112,2019," O'Hearn, Ryan",231,13.0,29.9,111.2,90.5,95.8,88.1,440,175,403.0,101,43.7,14.8,21,9.1,5.7
1506,14,2016," Encarnación, Edwin",471,15.8,35.9,112.8,90.8,95.6,86.4,471,188,409.0,192,40.8,15.6,58,12.3,8.3
1901,168,2015," Murphy, David",318,7.8,28.6,109.5,88.3,90.8,87.5,419,164,386.0,112,35.2,16.4,10,3.1,2.6
754,17,2019," Olson, Matt",346,19.4,36.1,111.9,92.7,97.2,89.0,450,202,400.0,171,50.4,16.5,50,14.5,9.1
499,19,2020," Buxton, Byron",96,23.6,25.0,111.9,91.2,96.8,86.6,442,187,410.0,46,47.9,16.2,13,13.5,9.6
1277,41,2017," Kemp, Matt",340,8.4,39.1,111.9,88.3,93.6,83.7,423,171,395.0,131,38.8,14.3,32,9.4,6.9
1326,90,2017," Báez, Javier",333,10.1,28.2,113.3,87.9,94.0,84.4,463,168,410.0,119,36.0,11.4,28,8.4,5.5
12,12,2022," Sánchez, Gary",235,13.7,29.8,115.1,89.7,95.6,86.5,473,167,412.0,109,46.4,16.4,35,14.9,9.4
397,149,2021," Villar, Jonathan",324,7.0,29.9,114.9,88.0,93.2,84.7,437,148,404.0,113,34.9,11.5,24,7.4,4.8
285,37,2021," Haniger, Mitch",459,14.8,33.6,110.0,89.3,94.2,85.2,438,172,401.0,207,45.1,16.0,58,12.6,8.4
1067,80,2018," Bruce, Jay",245,21.4,37.6,109.0,88.4,92.6,84.0,412,205,390.0,85,34.8,12.1,22,9.0,6.1
1192,205,2018," Swanson, Dansby",365,14.1,31.8,108.5,88.0,91.9,85.8,438,168,399.0,124,34.0,11.5,15,4.1,2.8
1730,238,2016," Aybar, Erick",352,6.2,26.7,107.5,85.0,87.5,84.1,403,133,380.0,53,15.1,6.4,2,0.6,0.4
691,211,2020," Reyes, Victor",157,10.7,39.5,108.6,90.0,92.1,88.7,416,164,394.0,65,41.4,14.8,6,3.8,2.8
1617,125,2016," Harper, Bryce",399,15.2,30.1,112.7,88.9,92.7,86.9,461,178,409.0,144,36.1,13.5,29,7.3,4.6
1860,127,2015," Headley, Chase",449,11.9,36.7,109.9,86.8,90.3,84.8,451,163,408.0,146,32.5,13.3,23,5.1,3.6
690,210,2020," Romine, Austin",84,7.7,33.3,111.6,87.9,91.7,87.9,418,142,389.0,40,47.6,14.2,4,4.8,3.0
852,115,2019," Guerrero Jr., Vladimir",375,6.7,30.9,118.9,89.4,93.2,88.2,451,157,418.0,145,38.7,15.6,29,7.7,5.6
160,160,2022," Hernández, Enrique",223,19.7,34.1,112.3,88.0,92.1,86.4,395,167,373.0,76,34.1,14.0,14,6.3,4.6
896,159,2019," Reynolds, Bryan",373,9.4,37.0,112.1,89.5,92.4,87.5,424,170,401.0,153,41.6,14.7,25,6.7,4.6
1561,69,2016," Seager, Corey",496,10.3,37.5,112.7,91.1,94.9,87.8,449,175,399.0,218,44.0,16.5,41,8.3,6.0
258,10,2021," Hoskins, Rhys",283,21.7,36.7,112.2,91.2,95.8,85.3,441,204,407.0,131,46.3,15.7,48,17.0,10.8
336,88,2021," Yastrzemski, Mike",341,19.4,33.1,109.4,89.5,93.5,84.4,451,191,401.0,134,39.3,13.9,35,10.3,6.6
1864,131,2015," Walker, Neil",441,14.0,33.3,107.4,88.9,93.2,85.5,437,182,398.0,166,37.6,14.3,21,4.8,3.5
1040,53,2018," Piscotty, Stephen",437,13.2,34.3,111.6,88.5,93.4,84.4,443,174,394.0,168,38.7,14.5,42,9.6,6.9
516,36,2020," Machado, Manny",191,15.6,34.6,115.7,90.2,94.1,88.2,436,177,413.0,83,43.5,19.0,21,11.0,8.3
1349,113,2017," Yelich, Christian",471,4.6,29.5,112.4,90.6,94.7,88.0,442,145,397.0,214,45.8,17.5,33,7.0,4.8
1016,29,2018," Cron, C.J.",361,15.2,34.3,114.4,88.0,93.9,85.4,464,181,408.0,132,36.6,12.0,44,12.2,7.9
769,32,2019," Walker, Christian",375,14.8,34.1,112.4,91.1,95.3,87.9,447,182,411.0,183,48.8,15.6,49,13.1,8.1
1732,240,2016," Hamilton, Billy",330,10.5,28.8,106.8,83.4,84.9,83.2,385,144,366.0,38,11.5,4.7,1,0.3,0.2
762,25,2019," Meadows, Austin",399,16.7,38.1,115.4,90.4,94.7,85.8,447,205,399.0,171,42.9,16.2,50,12.5,8.5
1247,11,2017," Donaldson, Josh",306,13.8,31.7,113.5,90.9,97.0,85.5,454,186,407.0,137,44.9,15.5,43,14.1,8.7
1204,217,2018," Zobrist, Ben",403,9.0,35.0,107.5,89.9,91.7,88.8,423,163,386.0,156,38.7,18.8,12,3.0,2.3
1454,218,2017," Hernández, César",408,4.5,33.3,107.8,85.7,89.9,83.1,407,150,390.0,121,29.7,12.7,12,2.9,2.1
1967,234,2015," Suzuki, Kurt",384,13.7,31.0,105.8,87.7,90.1,86.6,405,169,393.0,115,29.9,14.4,4,1.0,0.8
522,42,2020," Alonso, Pete",148,15.5,30.4,118.4,90.2,96.3,86.5,456,175,405.0,61,41.2,14.3,19,12.8,7.9
23,23,2022," Olson, Matt",388,15.4,33.2,116.8,92.7,96.2,90.4,443,175,404.0,198,51.0,16.4,51,13.1,8.6
357,109,2021," Mullins, Cedric",482,14.8,35.5,109.7,89.4,92.4,88.7,440,171,397.0,190,39.4,15.9,39,8.1,5.8
1278,42,2017," Belt, Brandon",279,22.0,34.8,108.4,89.3,93.9,85.1,456,216,406.0,112,40.6,13.1,31,11.1,6.9
1313,77,2017," Joyce, Matt",363,15.1,38.0,109.7,88.2,93.4,82.6,438,202,403.0,125,34.4,13.0,32,8.8,5.9
1668,176,2016," Hardy, J.J.",344,12.3,29.4,109.1,90.2,92.9,89.5,423,167,377.0,135,39.2,20.6,13,3.8,3.0
341,93,2021," Escobar, Eduardo",426,20.8,38.0,110.8,87.0,91.8,82.2,453,190,407.0,147,34.5,12.4,38,8.9,6.3
432,184,2021," Castro, Willi",310,11.4,34.2,115.4,85.6,88.8,85.5,424,145,390.0,91,29.4,9.9,16,5.2,3.6
474,226,2021," Straw, Myles",448,11.9,42.0,109.8,87.1,88.1,86.7,409,165,364.0,117,26.2,10.9,6,1.3,0.9
218,218,2022," Andrus, Elvis",351,12.7,28.8,109.9,87.9,90.7,88.0,430,153,383.0,117,33.3,14.4,13,3.7,2.8
912,175,2019," Pillar, Kevin",529,14.1,32.9,111.7,86.4,90.8,84.0,440,163,400.0,163,30.8,13.0,26,4.9,4.0
1228,241,2018," Almora Jr., Albert",369,8.3,30.1,110.0,86.6,89.0,86.6,435,147,385.0,101,27.4,11.5,5,1.4,1.0
1582,90,2016," Shaw, Travis",351,16.0,34.2,112.3,88.7,92.8,85.6,449,196,407.0,120,34.2,11.8,28,8.0,5.3
1012,25,2018," Perez, Salvador",407,18.0,35.4,112.1,91.3,94.3,89.0,454,203,398.0,193,47.5,17.6,44,10.8,8.1
1933,200,2015," Prado, Martín",441,9.1,33.8,109.7,89.0,90.7,89.6,426,153,402.0,148,33.6,17.4,10,2.3,1.8
94,94,2022," Sánchez, Jesús",212,11.3,24.5,114.7,89.5,95.2,86.7,496,153,415.0,85,40.1,13.4,20,9.4,6.2
1009,22,2018," Carpenter, Matt",410,21.6,44.1,109.4,90.7,94.4,84.3,432,231,389.0,183,44.7,17.1,56,13.7,8.3
1071,84,2018," Torres, Gleyber",315,19.0,38.7,109.4,88.9,91.2,87.3,444,196,396.0,116,36.8,12.3,29,9.2,6.0
1093,106,2018," Moncada, Yoán",365,15.4,36.4,113.1,91.0,94.2,88.2,433,191,397.0,161,44.2,14.6,35,9.6,5.4
1819,86,2015," LaRoche, Adam",298,13.2,31.5,109.2,89.6,92.7,87.6,448,181,400.0,107,35.9,13.0,24,8.1,5.0
1309,73,2017," Escobar, Eduardo",363,17.8,37.2,108.4,86.5,90.6,83.1,438,197,404.0,111,30.6,10.6,30,8.3,6.0
697,217,2020," Wendle, Joey",134,5.1,32.8,104.9,86.7,90.7,83.7,410,152,386.0,43,32.1,12.8,5,3.7,2.7
1778,45,2015," Longoria, Evan",481,15.4,33.5,109.2,89.6,94.4,85.7,451,189,407.0,191,39.7,16.1,41,8.5,6.1
997,10,2018," Cruz, Nelson",400,12.8,31.3,117.0,93.9,97.2,92.7,465,180,411.0,207,51.7,19.5,55,13.8,9.3
154,154,2022," Sheets, Gavin",242,15.4,33.9,109.7,88.9,92.1,88.3,422,169,391.0,90,37.2,14.0,16,6.6,4.8
1100,113,2018," Hernández, Enrique",333,16.5,28.8,110.4,89.1,92.7,87.7,431,179,401.0,121,37.0,15.0,24,7.2,5.2
1704,212,2016," Crisp, Coco",374,13.7,36.1,106.4,85.5,88.5,82.5,417,179,389.0,87,23.3,10.7,9,2.4,1.8
1981,248,2015," Sogard, Eric",326,11.6,32.2,107.5,85.5,86.5,85.9,410,155,410.0,61,18.7,10.1,1,0.3,0.2
790,53,2019," Marte, Ketel",485,11.5,34.4,116.3,90.0,93.5,87.8,482,174,407.0,194,40.0,16.9,45,9.3,7.2
581,101,2020," Happ, Ian",136,9.0,36.8,109.1,91.1,94.5,87.9,434,168,387.0,66,48.5,16.1,14,10.3,6.1
704,224,2020," LeMahieu, DJ",175,2.3,29.7,109.5,91.3,94.4,89.5,403,134,361.0,80,45.7,21.9,5,2.9,2.3
1213,226,2018," Span, Denard",365,13.3,36.7,108.1,87.2,89.3,86.7,415,169,391.0,108,29.6,12.9,10,2.7,2.0
1296,60,2017," García, Avisaíl",408,7.6,31.4,115.5,90.3,95.3,86.6,451,159,407.0,166,40.8,14.1,36,8.8,6.4
1651,159,2016," Panik, Joe",425,13.0,30.6,106.8,86.3,90.1,84.7,419,170,389.0,114,26.8,13.9,19,4.5,3.6
1261,25,2017," Happ, Ian",241,13.3,36.9,114.2,88.5,93.4,84.5,443,195,403.0,95,39.4,11.9,32,13.3,7.7
488,8,2020," Sanó, Miguel",96,20.2,31.3,115.8,95.2,101.3,91.0,458,203,412.0,55,57.3,13.4,22,22.9,10.7
560,80,2020," Yastrzemski, Mike",137,18.4,35.0,105.6,88.2,93.2,83.6,425,184,387.0,58,42.3,15.8,15,10.9,6.7
1142,155,2018," Seager, Kyle",449,18.5,37.0,110.5,89.8,92.6,87.6,424,197,385.0,178,39.6,15.2,25,5.6,4.0
1120,133,2018," Myers, Wil",219,9.4,38.8,112.9,90.5,95.5,86.1,450,171,402.0,100,45.7,15.1,16,7.3,4.7
802,65,2019," Alfaro, Jorge",279,4.7,33.3,114.7,90.8,96.4,86.6,473,154,404.0,125,44.8,11.9,32,11.5,6.9
513,33,2020," Gurriel Jr., Lourdes",162,10.5,39.5,109.5,90.8,93.9,88.2,447,169,402.0,80,49.4,18.8,19,11.7,8.5
634,154,2020," Chavis, Michael",98,10.0,37.8,108.3,88.3,93.2,84.2,428,159,410.0,37,37.8,11.5,7,7.1,4.4
1465,229,2017," Lucroy, Jonathan",376,7.8,31.9,106.7,85.0,87.5,84.1,435,151,416.0,91,24.3,11.7,9,2.4,1.9
1868,135,2015," Realmuto, J.T.",376,8.9,31.9,109.6,88.4,92.7,85.4,423,169,383.0,129,34.3,15.0,16,4.3,3.4
1531,39,2016," Tulowitzki, Troy",395,14.2,33.7,111.1,90.0,93.9,87.4,454,184,396.0,161,40.8,17.2,38,9.6,7.0
1151,164,2018," Martinez, Victor",425,14.1,35.1,107.6,87.8,90.8,85.7,416,181,384.0,130,30.6,13.9,20,4.7,3.9
791,54,2019," Goldschmidt, Paul",434,15.4,36.4,111.5,90.1,94.5,86.1,464,198,410.0,182,42.4,13.6,49,11.3,7.2
117,117,2022," Kirk, Alejandro",353,8.3,32.6,110.1,91.2,94.6,89.3,420,154,390.0,164,46.5,21.4,25,7.1,5.5
741,4,2019," Sanó, Miguel",222,15.9,36.0,114.2,94.4,99.6,89.0,496,206,416.0,127,57.2,15.2,47,21.2,10.7
1676,184,2016," Gennett, Scooter",387,12.3,34.4,108.5,86.9,89.0,86.4,437,173,393.0,95,24.5,8.9,15,3.9,2.8
1082,95,2018," Bryant, Kris",285,17.8,37.9,110.2,85.8,91.3,78.8,448,186,406.0,95,33.5,11.2,26,9.1,5.7
831,94,2019," Anderson, Brian",348,11.1,31.3,114.4,89.9,94.6,86.7,446,173,398.0,160,46.0,17.5,31,8.9,6.0
120,120,2022," Greene, Riley",193,3.3,33.7,112.1,89.5,94.5,85.9,448,140,412.0,87,45.1,15.5,17,8.8,5.5
657,177,2020," Kiermaier, Kevin",96,-0.4,28.1,110.2,87.7,95.4,84.2,427,118,413.0,40,41.7,13.1,6,6.3,3.8
1891,158,2015," Zobrist, Ben",416,8.2,29.3,107.8,88.6,92.4,86.8,422,156,385.0,145,34.9,18.3,15,3.6,2.8
636,156,2020," Dickerson, Corey",159,11.1,25.8,108.8,85.7,90.7,83.4,438,143,399.0,49,30.8,10.7,9,5.7,4.3
370,122,2021," Baddoo, Akil",294,13.8,37.4,111.8,86.0,91.1,80.9,450,173,385.0,95,32.3,10.9,26,8.8,5.6
269,21,2021," Duvall, Adam",342,23.6,33.3,113.8,89.8,94.9,83.3,483,197,414.0,150,43.9,13.9,55,16.1,9.9
656,176,2020," Murphy, Daniel",103,15.5,35.9,109.6,85.1,86.9,86.8,410,164,389.0,26,25.2,10.0,5,4.9,3.8
936,199,2019," Forsythe, Logan",219,12.3,39.7,107.1,89.2,92.7,85.2,432,184,399.0,87,40.1,16.0,12,5.5,3.3
823,86,2019," Davis, Khris",337,13.1,31.5,109.9,90.2,95.2,85.4,432,184,396.0,133,40.4,12.4,33,9.8,6.2
867,130,2019," Piscotty, Stephen",277,12.5,31.8,111.2,89.2,92.6,86.2,418,173,395.0,111,41.0,14.6,21,7.6,5.3
47,47,2022," Rizzo, Anthony",323,19.8,34.4,113.3,89.6,93.4,85.4,435,195,392.0,136,42.1,15.7,37,11.5,7.6
1374,138,2017," Piscotty, Stephen",257,10.3,35.8,109.3,86.1,91.6,81.7,443,171,402.0,88,34.9,11.6,17,6.6,4.2
1694,202,2016," Peterson, Jace",286,3.7,31.5,108.1,88.2,90.7,86.9,437,140,393.0,94,32.9,14.3,9,3.1,2.2
992,5,2018," Ohtani, Shohei",225,12.4,35.6,113.9,92.9,97.8,88.6,449,180,413.0,115,51.1,17.2,36,16.0,9.8
877,140,2019," Kingery, Scott",314,17.8,39.2,111.4,88.4,93.5,83.4,437,197,390.0,122,38.9,12.2,25,8.0,5.0
774,37,2019," Hiura, Keston",208,16.4,35.6,112.4,91.4,95.2,88.8,442,191,402.0,100,50.0,14.1,28,13.5,8.0
1220,233,2018," Arcia, Orlando",263,4.0,24.3,107.4,86.3,90.6,84.9,403,121,384.0,75,28.6,10.8,6,2.3,1.6
1983,250,2015," Iglesias, José",379,4.5,26.1,108.6,83.7,87.0,83.1,377,135,366.0,71,18.7,9.1,0,0.0,0.0
5,5,2022," Stanton, Giancarlo",228,10.2,26.3,119.8,94.6,98.2,94.1,445,160,400.0,117,51.3,17.8,42,18.4,11.3
1004,17,2018," Machado, Manny",533,14.4,33.8,114.8,91.6,95.1,90.1,444,184,403.0,257,48.2,20.8,60,11.3,8.5
1709,217,2016," Harrison, Josh",423,13.0,36.4,103.3,86.5,89.5,84.0,410,181,388.0,97,22.9,9.3,9,2.1,1.7
264,16,2021," Devers, Rafael",452,13.1,35.2,114.4,92.9,97.3,90.3,457,175,414.0,234,51.8,17.4,68,15.0,10.2
1555,63,2016," González, Carlos",456,9.0,32.2,118.0,90.2,93.1,89.1,462,172,427.0,188,41.2,15.7,39,8.6,6.2
1816,83,2015," Reynolds, Mark",263,13.2,29.3,114.1,87.7,92.8,83.9,451,178,410.0,87,33.1,10.5,22,8.4,5.1
444,196,2021," Rojas, Josh",351,8.4,40.7,104.6,88.2,91.6,85.6,428,159,404.0,109,31.1,11.1,17,4.8,3.1
1003,16,2018," Sánchez, Gary",231,14.2,29.4,121.1,90.3,97.7,85.9,460,171,412.0,96,41.6,14.3,32,13.9,8.6
1078,91,2018," Happ, Ian",222,14.1,39.2,110.5,90.0,93.4,87.8,437,193,400.0,90,40.5,10.8,27,12.2,5.8
838,101,2019," Lindor, Francisco",507,12.3,29.6,113.5,91.0,93.7,90.4,437,174,397.0,207,41.0,16.6,38,7.5,5.8
1776,43,2015," Pujols, Albert",533,14.2,29.5,114.0,90.7,93.8,89.1,447,188,405.0,204,38.3,17.9,41,7.7,6.2
305,57,2021," Vaughn, Andrew",321,9.7,33.6,115.0,91.1,94.5,88.2,447,169,408.0,151,47.3,18.4,35,10.9,7.5
1366,130,2017," Lowrie, Jed",470,18.7,43.2,106.3,89.1,91.7,86.3,426,202,392.0,177,37.7,14.2,28,6.0,4.3
1543,51,2016," Seager, Kyle",491,16.7,36.3,109.2,90.4,93.4,88.4,429,193,391.0,203,41.3,18.6,44,9.0,6.5
314,66,2021," Reynolds, Bryan",444,13.4,39.9,112.7,89.4,93.8,84.0,454,181,410.0,181,40.8,14.8,46,10.4,7.1
150,150,2022," Thomas, Lane",295,13.1,32.2,110.1,86.6,93.6,82.7,431,156,393.0,106,35.9,13.8,21,7.1,4.8
1149,162,2018," Walker, Neil",264,13.7,42.8,107.0,88.1,92.4,83.2,436,192,402.0,88,33.3,12.2,16,6.1,4.0
1214,227,2018," Parra, Gerardo",331,9.2,34.4,105.5,86.8,90.2,84.3,433,156,402.0,88,26.6,10.8,9,2.7,2.0
575,95,2020," Choo, Shin-Soo",79,11.4,38.0,111.2,90.0,95.1,86.1,405,158,397.0,28,35.4,13.3,8,10.1,6.3
51,51,2022," Gordon, Nick",233,12.7,35.2,110.7,90.8,95.6,85.7,422,173,404.0,109,46.8,15.8,25,10.7,7.5
1538,46,2016," Rodríguez, Sean",202,12.8,35.1,111.3,90.4,96.6,84.1,458,195,404.0,74,36.6,11.7,23,11.4,6.7
727,247,2020," Alberto, Hanser",193,13.2,32.6,103.8,82.3,88.4,79.5,391,141,381.0,40,20.7,8.4,2,1.0,0.9
834,97,2019," Vogelbach, Daniel",315,17.1,39.0,113.1,88.8,93.6,83.8,448,203,398.0,119,38.0,13.8,33,10.5,5.9
1378,142,2017," Bautista, José",424,17.0,29.7,112.9,88.3,93.1,85.4,450,188,402.0,151,35.6,12.4,28,6.6,4.1
1116,129,2018," Kepler, Max",439,16.3,30.1,112.7,89.5,93.8,86.0,427,189,395.0,165,38.2,16.4,29,6.6,4.7
1167,180,2018," Jones, JaCoby",290,12.7,35.2,112.3,88.8,92.6,87.0,422,175,385.0,103,35.5,11.3,17,5.9,3.6
471,223,2021," Robles, Victor",235,19.9,30.2,108.3,84.1,90.6,78.8,424,154,412.0,64,27.2,9.6,6,2.6,1.6
972,235,2019," Wong, Kolten",406,12.6,28.1,107.7,86.1,89.3,85.1,432,164,396.0,102,25.4,10.6,9,2.2,1.6
654,174,2020," Long Jr., Shed",80,2.6,21.3,107.5,87.1,94.6,83.8,414,112,411.0,26,32.5,11.7,5,6.3,3.9
400,152,2021," Hernández, César",438,10.7,32.6,110.2,87.4,90.6,85.3,425,159,395.0,145,33.2,12.5,30,6.8,4.7
512,32,2020," Hoskins, Rhys",108,24.8,32.4,111.2,89.8,93.9,85.7,421,198,393.0,46,42.6,14.4,16,14.8,8.6
321,73,2021," Semien, Marcus",509,20.3,35.2,109.5,89.7,93.9,84.3,439,199,388.0,210,41.3,15.9,50,9.8,6.9
20,20,2022," Davis, J.D.",153,11.0,35.3,112.7,92.2,98.8,87.6,444,170,401.0,86,56.2,15.0,25,16.3,8.8
685,205,2020," Camargo, Johan",85,9.8,23.5,106.3,87.3,93.3,83.6,442,150,399.0,28,32.9,10.9,4,4.7,3.1
36,36,2022," Wisdom, Patrick",256,21.4,31.3,112.6,91.0,97.8,84.4,461,184,406.0,119,46.9,12.4,38,14.8,8.1
903,166,2019," Brantley, Michael",513,10.6,36.3,108.9,88.8,92.4,87.1,438,165,394.0,187,37.3,18.4,28,5.5,4.4
828,91,2019," LeMahieu, DJ",517,6.5,35.2,111.1,91.9,95.3,89.5,446,161,386.0,246,48.5,21.9,39,7.5,6.0
1782,49,2015," Colabello, Chris",239,9.7,34.7,111.6,90.0,94.2,87.3,424,160,401.0,105,43.9,15.2,22,9.2,6.1
408,160,2021," Rodgers, Brendan",305,6.3,30.5,111.8,88.8,92.8,86.1,451,152,408.0,123,40.3,15.5,19,6.2,4.6
921,184,2019," Goodwin, Brian",288,18.4,38.5,111.4,87.6,91.1,83.5,453,200,397.0,94,33.3,11.3,18,6.3,3.9
538,58,2020," Turner, Trea",199,9.5,34.2,111.2,90.5,93.3,88.7,422,166,399.0,81,40.7,16.7,19,9.5,7.3
759,22,2019," Harper, Bryce",399,13.7,37.6,116.4,91.9,96.8,86.5,466,196,411.0,182,45.6,13.4,59,14.8,8.7
1888,155,2015," Fowler, Dexter",447,12.2,32.0,110.1,87.2,90.7,84.1,420,174,390.0,135,30.2,11.5,20,4.5,2.9
1063,76,2018," Polanco, Gregory",351,20.1,33.6,112.9,88.9,93.6,86.8,440,191,401.0,132,37.8,13.2,33,9.4,6.2
1200,213,2018," Holt, Brock",250,6.8,33.2,105.9,87.9,90.9,86.3,426,152,402.0,77,30.8,13.9,9,3.6,2.5
246,246,2022," Kiner-Falefa, Isiah",349,5.9,29.5,109.8,86.6,89.8,85.4,388,130,371.0,103,29.5,14.0,3,0.9,0.7
1417,181,2017," Cozart, Zack",364,14.8,35.7,108.3,85.8,89.5,82.6,433,183,391.0,105,28.9,12.1,16,4.4,3.2
1128,141,2018," Pillar, Kevin",420,16.8,39.3,111.1,87.3,90.9,85.6,440,181,390.0,154,36.7,14.6,24,5.7,4.4
785,48,2019," Díaz, Yandy",250,5.7,34.0,114.3,91.7,97.0,89.2,428,162,388.0,112,44.8,19.0,26,10.4,7.5
1728,236,2016," Lowrie, Jed",277,11.9,38.3,107.0,86.0,89.0,83.7,406,166,345.0,68,24.5,10.3,2,0.7,0.5
490,10,2020," Chapman, Matt",89,24.1,40.4,115.9,93.6,99.0,86.8,444,205,414.0,46,51.7,15.7,16,18.0,10.5
155,155,2022," Castellanos, Nick",377,14.7,36.9,110.1,87.7,92.3,84.5,436,172,398.0,133,35.3,11.8,25,6.6,4.7
962,225,2019," Gamel, Ben",209,9.9,35.4,111.1,88.2,91.2,85.4,421,171,398.0,78,38.0,12.9,8,3.8,2.2
854,117,2019," Pollock, AJ",238,13.7,29.8,108.1,90.6,93.8,88.9,429,173,398.0,95,39.9,16.2,19,8.0,5.6
1312,76,2017," Duvall, Adam",428,21.1,34.6,110.8,87.3,92.4,82.3,437,201,396.0,139,32.6,11.6,38,8.9,5.9
626,146,2020," Mazara, Nomar",92,6.7,28.3,109.1,91.0,93.8,90.2,414,142,414.0,45,48.9,15.8,7,7.6,4.7
686,206,2020," Gurriel, Yuli",189,13.9,34.4,107.1,89.3,91.4,88.4,420,180,394.0,69,36.5,17.9,7,3.7,3.0
1547,55,2016," Smoak, Justin",187,18.7,40.6,110.2,91.6,94.6,88.0,411,201,391.0,79,42.2,12.7,22,11.8,6.5
570,90,2020," Bader, Harrison",67,15.7,35.8,107.9,86.0,94.4,79.2,425,169,414.0,24,35.8,10.8,8,11.9,6.4
1892,159,2015," Tomás, Yasmany",297,5.1,30.3,112.6,89.3,93.7,86.5,410,158,393.0,113,38.0,13.5,12,4.0,2.8
18,18,2022," Gorman, Nolan",171,19.5,47.4,110.6,89.3,94.2,80.4,449,218,410.0,74,43.3,11.8,26,15.2,8.9
128,128,2022," Bellinger, Cody",306,20.2,32.7,107.3,89.9,92.5,87.5,431,184,396.0,117,38.2,12.0,25,8.2,5.3
1347,111,2017," Reynolds, Mark",348,11.8,36.5,112.1,87.2,93.2,82.0,482,182,419.0,125,35.9,11.4,29,8.3,4.9
1280,44,2017," Granderson, Curtis",329,20.2,33.1,109.2,87.7,93.0,82.4,431,202,398.0,111,34.4,12.1,36,10.9,6.8
1952,219,2015," Inciarte, Ender",473,6.8,28.5,107.3,85.5,87.7,84.7,396,150,384.0,94,19.9,10.0,6,1.3,1.1
928,191,2019," Ramos, Wilson",407,-0.1,25.8,111.0,90.0,93.8,88.8,427,120,390.0,173,42.5,18.7,19,4.7,3.6
981,244,2019," Lopez, Nicky",332,3.1,22.0,105.4,85.1,86.1,85.3,398,116,393.0,64,19.5,8.5,4,1.2,1.0
1948,215,2015," Ahmed, Nick",348,12.5,26.4,107.2,86.0,89.1,84.9,402,171,387.0,78,22.4,9.9,6,1.7,1.3
191,191,2022," Franco, Maikel",299,11.5,33.1,112.1,87.0,91.0,85.9,428,153,409.0,103,34.4,13.6,14,4.7,3.6
1140,153,2018," Bauers, Jake",227,12.1,33.9,110.0,87.6,93.1,83.5,420,171,397.0,71,31.3,10.9,16,7.0,4.1
993,6,2018," Trout, Mike",351,18.6,41.0,118.0,91.2,95.9,85.2,459,212,407.0,162,46.2,16.9,58,16.5,9.5
1939,206,2015," Norris, Derek",385,14.0,31.4,112.1,87.1,90.7,86.6,423,173,382.0,135,35.1,13.5,9,2.3,1.6
1642,150,2016," McCann, Brian",332,18.9,31.9,109.0,88.9,92.1,87.9,450,191,390.0,119,35.8,13.8,19,5.7,3.9
607,127,2020," Kipnis, Jason",75,18.2,28.0,107.0,86.2,90.9,84.9,426,182,422.0,23,30.7,9.7,7,9.3,5.2
181,181,2022," Cronenworth, Jake",392,19.5,31.6,108.6,87.6,91.6,84.0,423,188,389.0,134,34.2,14.3,23,5.9,3.9
302,54,2021," Swanson, Dansby",429,14.1,36.6,109.6,89.3,94.4,83.8,440,177,403.0,183,42.7,14.8,49,11.4,7.5
497,17,2020," Ozuna, Marcell",169,16.4,39.1,115.6,93.0,96.6,89.0,469,190,429.0,92,54.4,18.5,26,15.4,9.7
1681,189,2016," Ramírez, José",508,13.2,35.0,110.7,88.4,90.3,87.9,430,171,396.0,167,32.9,15.6,15,3.0,2.4
1695,203,2016," Wong, Kolten",266,10.9,29.7,107.5,86.8,88.5,86.2,401,168,385.0,70,26.3,10.9,8,3.0,2.2
1647,155,2016," Kim, Hyun Soo",255,6.5,30.2,111.8,90.5,92.9,89.8,421,166,390.0,93,36.5,16.8,13,5.1,3.8
1624,132,2016," Rendon, Anthony",458,16.9,35.4,111.4,91.1,93.5,90.7,449,197,403.0,190,41.5,17.1,27,5.9,4.2
518,38,2020," Suárez, Eugenio",132,17.9,29.5,111.4,89.1,94.2,84.1,434,194,404.0,59,44.7,14.1,19,14.4,8.2
1968,235,2015," DeShields, Delino",335,10.2,26.9,108.4,85.8,88.4,84.2,398,165,393.0,75,22.4,10.0,4,1.2,0.8
1070,83,2018," Díaz, Aledmys",364,13.7,32.7,112.9,89.1,93.2,86.8,431,176,392.0,144,39.6,17.0,27,7.4,6.0
477,229,2021," Lopez, Nicky",438,2.8,27.4,107.9,86.8,90.0,85.2,395,121,382.0,118,26.9,12.3,3,0.7,0.5
158,158,2022," Heim, Jonah",278,17.1,28.8,110.6,89.5,92.2,89.4,418,170,382.0,114,41.0,14.6,18,6.5,4.6
1244,8,2017," Cruz, Nelson",423,12.4,34.5,117.7,93.2,98.6,88.4,469,198,411.0,204,48.3,17.5,60,14.2,9.3
1196,209,2018," Margot, Manuel",397,11.5,33.8,112.9,89.4,92.8,88.9,424,168,396.0,146,37.0,16.4,13,3.3,2.5
17,17,2022," Walker, Christian",380,17.3,33.7,112.1,90.0,94.3,87.2,467,184,415.0,163,42.9,17.5,49,12.9,8.9
1536,44,2016," Gattis, Evan",325,12.9,32.6,114.0,89.4,93.6,87.5,439,184,399.0,116,35.7,13.5,34,10.5,6.8
1073,86,2018," DeJong, Paul",318,19.1,37.7,110.4,89.3,93.4,85.6,486,205,400.0,128,40.3,14.6,29,9.1,5.9
1955,222,2015," Segura, Jean",472,4.3,25.4,109.6,86.9,88.7,86.4,440,137,411.0,128,27.1,11.6,6,1.3,1.0
547,67,2020," Gallo, Joey",114,26.8,28.1,113.5,91.2,96.8,81.1,448,199,417.0,50,43.9,12.0,16,14.0,7.1
1540,48,2016," Springer, George",467,8.8,32.1,115.9,89.4,94.4,85.7,455,171,409.0,180,38.5,13.0,49,10.5,6.6
659,179,2020," Peralta, David",160,6.4,29.4,113.8,89.2,91.5,88.5,445,148,413.0,58,36.3,15.1,8,5.0,3.7
1611,119,2016," Semien, Marcus",431,15.4,31.8,108.4,88.0,92.9,83.3,455,191,399.0,152,35.3,12.8,29,6.7,4.7
1020,33,2018," Olson, Matt",419,18.1,35.1,113.3,93.3,97.4,90.7,475,189,408.0,218,52.2,17.3,51,12.2,7.7
1648,156,2016," Markakis, Nick",507,10.7,37.7,114.3,90.7,91.8,90.8,419,173,385.0,216,42.6,20.4,25,4.9,3.7
1505,13,2016," Joseph, Tommy",246,16.8,32.9,112.5,89.9,94.6,87.0,455,200,409.0,103,41.9,15.4,29,11.8,8.4
960,223,2019," Arraez, Luis",300,11.4,41.7,102.2,87.1,89.2,85.3,402,173,389.0,68,22.8,10.8,8,2.7,2.2
1866,133,2015," Marisnick, Jake",244,13.9,31.6,110.8,85.7,90.1,81.7,422,165,405.0,64,26.2,8.5,13,5.3,3.5
284,36,2021," Lowe, Brandon",371,16.9,37.2,111.2,89.3,93.8,83.8,441,193,398.0,160,43.1,13.0,52,14.0,8.5
798,61,2019," Calhoun, Kole",392,14.9,34.9,110.1,89.5,95.1,84.0,440,189,403.0,164,42.6,14.2,44,11.2,7.0
1612,120,2016," Saunders, Michael",337,11.1,33.2,110.4,90.0,94.2,86.7,422,180,388.0,150,44.5,14.1,26,7.7,4.7
226,226,2022," Grossman, Robbie",240,20.0,39.2,105.8,86.6,91.0,80.6,418,186,390.0,73,30.4,10.7,9,3.8,2.2
27,27,2022," Chapman, Matt",315,19.6,35.9,112.7,92.6,96.3,90.6,432,190,406.0,165,52.4,18.2,44,14.0,8.5
1756,23,2015," Valencia, Danny",268,6.0,33.6,112.6,91.9,95.1,90.0,441,159,402.0,125,46.6,19.5,27,10.1,7.1
438,190,2021," Heyward, Jason",255,7.5,27.5,115.3,88.2,93.3,87.1,428,137,405.0,108,42.4,18.2,12,4.7,3.4
1932,199,2015," Solarte, Yangervis",475,11.5,29.1,110.6,88.1,90.4,88.1,422,169,394.0,149,31.4,15.2,10,2.1,1.8
1389,153,2017," González, Carlos",357,6.2,28.9,117.1,87.5,93.0,84.7,478,159,415.0,132,37.0,13.6,21,5.9,3.9
230,230,2022," McNeil, Jeff",383,12.7,38.4,110.0,87.0,89.9,85.8,410,165,395.0,118,30.8,12.9,9,2.3,1.9
38,38,2022," Perez, Salvador",264,17.9,34.5,112.4,91.6,95.4,87.8,454,193,409.0,128,48.5,16.1,31,11.7,8.0
750,13,2019," Springer, George",370,10.5,31.6,114.3,89.8,95.4,85.7,474,176,408.0,160,44.8,15.8,52,14.1,9.4
1046,59,2018," Moustakas, Mike",476,19.9,31.3,112.2,89.5,92.9,89.4,438,188,398.0,186,39.1,15.0,42,8.8,6.6
1399,163,2017," Anderson, Tim",428,8.0,31.8,108.8,85.6,91.5,81.7,451,152,404.0,133,31.1,11.4,22,5.1,3.6
470,222,2021," Gregorius, Didi",308,18.3,32.1,107.6,86.1,88.8,85.8,438,166,389.0,82,26.6,9.5,7,2.3,1.7
1678,186,2016," Reddick, Josh",343,14.3,31.8,109.0,88.1,90.3,87.7,426,172,391.0,112,32.7,14.8,12,3.5,2.7
1951,218,2015," Bourn, Michael",329,9.2,32.8,106.7,85.8,88.4,83.8,388,154,,61,18.5,7.6,6,1.8,1.2
688,208,2020," Biggio, Cavan",159,16.7,31.4,103.6,87.4,91.6,83.2,401,175,379.0,49,30.8,12.1,8,5.0,3.0
1829,96,2015," Escobar, Eduardo",330,14.0,34.2,107.6,86.5,90.1,83.4,427,176,399.0,79,23.9,9.3,20,6.1,4.5
640,160,2020," Merrifield, Whit",216,15.8,39.8,105.8,86.1,89.6,81.7,406,180,388.0,59,27.3,12.0,11,5.1,4.2
1698,206,2016," Suzuki, Kurt",302,14.6,31.5,106.3,87.3,90.5,85.7,423,173,383.0,92,30.5,14.3,8,2.6,2.1
1219,232,2018," Gurriel, Yuli",481,11.5,32.6,107.9,89.3,89.7,91.0,427,165,378.0,176,36.6,18.4,9,1.9,1.6
1159,172,2018," Ahmed, Nick",413,11.9,36.3,106.2,86.9,91.5,82.8,438,175,393.0,124,30.0,11.6,21,5.1,3.7
1416,180,2017," Cabrera, Melky",554,8.9,33.6,113.6,88.3,90.9,87.5,420,161,393.0,194,35.1,17.3,21,3.8,3.2
1528,36,2016," Machado, Manny",525,14.5,34.9,116.8,90.3,94.8,88.4,453,193,405.0,227,43.2,17.9,49,9.3,7.0
1641,149,2016," Orlando, Paulo",358,8.3,28.5,111.6,89.6,93.0,88.7,446,155,411.0,134,37.4,14.2,19,5.3,3.9
1301,65,2017," Holliday, Matt",264,11.8,31.4,116.0,89.9,95.4,86.5,459,168,413.0,117,44.3,15.2,27,10.2,6.3
1808,75,2015," Castellanos, Nick",403,16.9,37.5,111.6,88.3,91.2,85.1,447,199,393.0,139,34.5,12.1,31,7.7,5.2
801,64,2019," Santana, Domingo",289,11.3,40.1,109.5,89.0,94.7,82.2,425,179,399.0,118,42.1,11.8,35,12.1,6.9
1604,112,2016," Naquin, Tyler",213,10.6,35.7,112.7,91.0,94.4,88.6,439,174,404.0,96,45.1,12.5,18,8.5,4.9
161,161,2022," Reynolds, Bryan",324,11.4,34.9,111.9,89.6,92.3,87.2,442,161,398.0,134,41.4,14.3,22,6.8,4.5
957,220,2019," Markakis, Nick",361,7.3,34.1,114.7,91.2,92.5,91.0,418,157,392.0,160,44.3,20.4,11,3.0,2.3
1187,200,2018," Rosario, Amed",441,7.9,32.4,109.5,87.8,90.4,87.0,437,151,405.0,141,32.3,12.2,17,3.9,2.9
822,85,2019," Altuve, Jose",422,9.7,28.0,109.3,87.4,93.2,84.0,448,151,395.0,142,34.5,14.9,34,8.1,6.2
1667,175,2016," Utley, Chase",399,11.9,35.6,107.5,87.7,91.4,84.8,433,172,398.0,135,33.8,15.1,17,4.3,3.0
878,141,2019," Thames, Eric",258,19.0,36.0,110.5,90.9,93.5,87.4,432,209,396.0,111,44.2,12.5,23,8.9,5.0
914,177,2019," Edman, Tommy",265,14.2,37.4,110.1,87.4,90.6,85.8,421,177,387.0,89,33.6,13.5,14,5.3,4.0
153,153,2022," Taylor, Michael A.",265,13.4,34.7,109.4,86.9,90.7,83.9,432,172,400.0,88,33.2,11.5,19,7.2,4.8
1822,89,2015," Freese, David",320,6.4,29.7,114.1,89.0,94.4,86.1,451,149,396.0,123,38.4,14.7,23,7.2,4.9
1762,29,2015," Trumbo, Mark",377,13.3,31.0,116.5,92.0,94.5,92.1,451,183,411.0,162,43.0,15.2,37,9.8,6.8
510,30,2020," Longoria, Evan",157,10.7,29.9,111.5,91.7,95.9,88.7,432,163,401.0,71,45.2,19.9,18,11.5,8.6
1136,149,2018," Gennett, Scooter",467,14.0,37.5,108.5,87.3,90.9,83.9,420,179,377.0,151,32.3,11.5,27,5.8,4.2
1251,15,2017," Schwarber, Kyle",272,18.6,29.8,116.1,89.6,95.5,84.2,470,196,409.0,113,41.5,12.0,41,15.1,8.4
1724,232,2016," Aoki, Norichika",378,3.0,23.5,104.8,87.2,89.7,86.5,402,125,383.0,94,24.9,11.6,3,0.8,0.6
104,104,2022," Anderson, Brian",172,7.0,31.4,112.0,89.8,96.5,84.4,445,150,409.0,79,45.9,13.2,17,9.9,5.9
1446,210,2017," Pérez, Hernán",359,10.3,29.2,108.5,84.9,90.4,81.9,423,153,398.0,99,27.6,12.0,11,3.1,2.4
1444,208,2017," Markakis, Nick",486,8.8,34.0,114.4,88.3,91.5,86.5,429,160,391.0,167,34.7,15.1,16,3.3,2.4
587,107,2020," Ruiz, Rio",141,10.5,27.7,109.0,87.9,94.2,83.1,407,159,379.0,55,39.0,13.4,12,8.5,5.9
1754,21,2015," Moss, Brandon",324,19.8,34.9,113.7,89.1,94.5,83.4,454,205,405.0,128,39.5,12.6,38,11.7,7.2
1144,157,2018," Posey, Buster",347,10.3,35.2,108.1,89.1,91.8,87.0,421,165,398.0,121,34.9,16.3,18,5.2,4.0
54,54,2022," Suárez, Eugenio",312,19.8,37.2,111.4,89.1,93.9,82.5,441,196,402.0,130,41.7,13.3,42,13.5,7.4
152,152,2022," Odor, Rougned",280,22.0,30.0,109.7,88.0,93.1,85.3,431,175,401.0,97,34.6,12.0,20,7.1,4.8
404,156,2021," Grossman, Robbie",410,21.1,39.5,110.9,87.8,90.7,84.0,442,198,391.0,140,34.1,13.0,31,7.6,4.6
1926,193,2015," Molina, Yadier",439,10.4,32.6,105.1,86.4,89.9,84.6,403,157,392.0,111,25.3,11.3,10,2.3,1.9
208,208,2022," Kim, Ha-Seong",347,16.1,34.0,109.4,86.3,90.6,83.8,426,160,401.0,110,31.8,12.7,15,4.3,3.1
1879,146,2015," Polanco, Gregory",475,10.4,30.5,115.6,89.9,92.3,89.3,422,170,398.0,189,39.8,16.7,21,4.4,3.2
1123,136,2018," Beltré, Adrián",345,13.6,39.7,109.2,88.7,91.8,85.6,439,187,399.0,129,37.4,14.9,22,6.4,4.6
1736,3,2015," Trout, Mike",422,14.0,38.9,117.7,92.9,97.0,88.6,477,204,410.0,205,48.6,18.4,69,16.4,10.1
9,9,2022," Buxton, Byron",225,21.4,34.2,113.5,92.9,97.4,88.3,469,194,410.0,113,50.2,15.8,37,16.4,9.7
1015,28,2018," Rendon, Anthony",455,17.9,39.8,109.9,90.7,93.7,89.0,430,200,395.0,204,44.8,18.1,47,10.3,7.9
1781,48,2015," Bour, Justin",309,8.7,25.6,115.0,90.8,94.7,90.2,452,165,410.0,133,43.0,17.2,27,8.7,6.1
1061,74,2018," Springer, George",425,9.5,30.1,114.7,88.6,93.3,86.1,476,157,411.0,159,37.4,14.3,38,8.9,6.2
453,205,2021," Barnhart, Tucker",251,15.5,37.1,106.7,87.1,91.0,83.4,412,172,392.0,78,31.1,10.2,10,4.0,2.6
254,6,2021," Donaldson, Josh",351,14.6,30.2,114.7,94.1,98.7,90.4,446,173,410.0,185,52.7,19.3,61,17.4,11.2
1328,92,2017," McCutchen, Andrew",457,14.2,33.7,109.5,88.4,93.4,83.5,432,183,393.0,176,38.9,15.0,35,7.7,5.4
897,160,2019," Villar, Jonathan",472,8.2,30.3,114.0,88.9,92.8,87.5,456,157,412.0,175,37.1,12.4,32,6.8,4.5
1719,227,2016," Hechavarria, Adeiny",440,8.0,29.8,106.7,88.1,89.6,88.0,419,157,389.0,138,31.4,13.9,5,1.1,0.9
881,144,2019," Turner, Trea",410,9.9,29.8,113.5,90.4,93.1,89.7,453,158,408.0,172,42.0,16.4,28,6.8,4.9
1596,104,2016," Nieuwenhuis, Kirk",202,9.7,28.7,111.2,90.3,95.2,86.8,427,171,402.0,75,37.1,10.9,20,9.9,5.1
1873,140,2015," Lawrie, Brett",425,7.4,30.6,112.4,90.0,94.3,87.1,470,159,409.0,166,39.1,14.8,20,4.7,3.3
624,144,2020," Mondesi, Adalberto",151,13.7,18.5,111.0,90.6,94.6,89.8,458,136,418.0,59,39.1,12.8,11,7.3,4.7
346,98,2021," Urías, Luis",378,14.2,34.9,111.5,87.9,93.4,84.8,427,166,397.0,153,40.5,14.5,35,9.3,6.1
1965,232,2015," Giavotella, Johnny",409,10.0,30.1,110.7,85.8,88.0,84.6,399,162,392.0,80,19.6,10.0,4,1.0,0.8
263,15,2021," Muncy, Max",378,15.2,34.9,112.3,91.2,97.3,83.6,466,190,411.0,176,46.6,19.2,61,16.1,10.3
1635,143,2016," Báez, Javier",316,14.1,25.6,112.3,88.4,92.2,86.3,425,170,390.0,102,32.3,11.4,18,5.7,4.0
1322,86,2017," Rosario, Eddie",448,13.3,32.4,107.5,87.2,93.2,81.2,445,175,397.0,142,31.8,11.9,33,7.4,5.6
1439,203,2017," Gardner, Brett",480,10.3,34.4,107.9,86.4,90.2,83.7,415,167,387.0,149,31.0,14.2,18,3.8,2.6
151,151,2022," Castro, Harold",290,11.8,44.8,107.3,87.1,92.5,80.5,423,170,389.0,99,34.3,13.0,18,6.2,4.8
473,225,2021," Newman, Kevin",485,9.9,31.8,109.4,85.3,86.8,86.1,400,146,384.0,126,26.0,14.6,8,1.6,1.4
641,161,2020," Arcia, Orlando",142,9.6,37.3,108.7,89.0,91.7,89.2,422,162,396.0,55,38.7,16.7,8,5.6,4.2
1966,233,2015," Hechavarria, Adeiny",396,7.5,31.3,107.1,87.6,90.2,86.1,426,153,402.0,124,31.3,14.1,4,1.0,0.8
1867,134,2015," Castro, Jason",225,15.8,35.6,109.5,88.5,91.5,85.1,429,183,373.0,69,30.7,9.9,13,5.8,3.5
551,71,2020," Conforto, Michael",145,11.0,38.6,114.4,88.4,94.6,82.3,434,166,403.0,53,36.6,12.9,16,11.0,6.9
1765,32,2015," Kang, Jung Ho",323,7.1,33.1,113.1,90.5,95.4,87.4,472,160,415.0,150,46.4,18.9,31,9.6,6.6
929,192,2019," Posey, Buster",336,9.1,32.4,107.6,88.6,92.6,85.6,435,159,399.0,122,36.3,14.7,16,4.8,3.6
489,9,2020," Belt, Brandon",113,18.0,40.7,109.1,90.7,95.1,83.3,429,212,400.0,53,46.9,17.9,19,16.8,10.6
1839,106,2015," Dozier, Brian",488,19.1,34.2,108.9,87.2,92.5,81.1,433,197,393.0,152,31.1,11.9,29,5.9,4.1
1172,185,2018," McCann, James",313,16.2,37.7,111.4,87.8,91.5,87.0,437,177,394.0,117,37.4,13.4,16,5.1,3.5
147,147,2022," Flores, Wilmer",365,20.1,35.3,108.3,88.3,91.2,85.8,421,182,384.0,133,36.4,14.5,24,6.6,4.8
1690,198,2016," Phillips, Brandon",490,10.3,35.1,108.9,86.4,89.0,85.3,415,163,393.0,125,25.5,10.4,13,2.7,2.2
1912,179,2015," Guyer, Brandon",275,13.5,31.3,108.1,87.0,91.0,85.2,417,171,395.0,80,29.1,10.6,9,3.3,2.3
403,155,2021," Segura, Jean",441,5.8,30.8,113.1,87.2,92.5,84.6,433,137,396.0,165,37.4,15.5,26,5.9,4.6
955,218,2019," Alberto, Hanser",480,11.9,32.5,103.6,84.4,86.9,83.2,418,156,395.0,89,18.5,8.5,14,2.9,2.5
1862,129,2015," Paredes, Jimmy",254,8.2,31.9,113.8,90.1,94.6,86.4,432,166,390.0,109,42.9,13.3,14,5.5,3.6
660,180,2020," Ahmed, Nick",153,9.4,30.1,107.7,87.7,92.4,84.5,425,142,409.0,51,33.3,12.7,8,5.2,3.7
1373,137,2017," Crawford, Brandon",414,11.3,34.8,108.5,87.5,92.3,83.9,431,168,391.0,138,33.5,12.4,24,5.8,4.2
464,216,2021," Arraez, Luis",386,9.9,41.5,104.2,88.4,91.1,85.7,405,162,400.0,118,30.6,13.7,9,2.3,1.9
1350,114,2017," Molina, Yadier",437,14.5,35.2,106.2,87.9,92.1,84.6,434,184,398.0,151,35.0,14.3,26,5.9,4.8
187,187,2022," Vierling, Matt",202,11.3,33.2,112.1,91.3,93.4,92.2,432,155,407.0,99,49.0,20.2,11,5.4,3.8
1148,161,2018," Guzmán, Ronald",267,14.1,33.3,111.3,86.6,90.2,84.4,443,178,386.0,88,33.1,10.1,17,6.4,4.0
1225,238,2018," Inciarte, Ender",519,10.9,32.6,105.0,84.9,87.9,83.0,433,156,380.0,97,18.7,8.0,8,1.5,1.2
609,129,2020," Báez, Javier",149,10.3,24.8,116.0,89.4,94.9,86.9,450,147,423.0,60,40.3,12.4,12,8.1,5.1
144,144,2022," Aguilar, Jesús",322,18.9,39.8,108.1,87.7,90.9,85.5,439,189,405.0,117,36.3,12.4,23,7.1,4.9
752,15,2019," Acuña Jr., Ronald",439,14.2,40.5,115.9,90.6,95.6,84.8,466,191,416.0,208,47.4,15.0,66,15.0,9.2
1535,43,2016," Cespedes, Yoenis",377,16.3,32.9,114.6,91.7,95.1,90.4,457,192,407.0,179,47.5,17.4,37,9.8,6.8
982,245,2019," Sánchez, Yolmer",389,14.2,31.9,107.5,87.1,88.8,86.9,392,165,354.0,105,27.0,9.6,4,1.0,0.7
198,198,2022," Mullins, Cedric",418,17.1,29.2,109.4,88.7,91.4,89.3,433,161,393.0,158,37.8,14.8,19,4.5,3.3
1634,142,2016," Headley, Chase",354,11.9,33.6,109.0,87.2,90.1,85.4,433,165,391.0,117,33.1,12.7,21,5.9,4.0
884,147,2019," Biggio, Cavan",233,20.1,44.2,104.6,88.9,92.1,82.6,429,225,393.0,93,39.9,13.8,21,9.0,4.9
280,32,2021," Seager, Corey",290,10.7,36.6,115.3,91.0,97.3,85.7,464,172,404.0,143,49.3,19.2,36,12.4,8.8
294,46,2021," Pollock, AJ",306,12.0,35.0,111.2,90.3,95.5,84.8,430,176,405.0,145,47.4,18.7,34,11.1,8.1
1809,76,2015," Turner, Justin",319,14.0,40.8,107.6,89.5,92.9,85.8,432,194,397.0,121,37.9,15.2,23,7.2,5.2
401,153,2021," Brantley, Michael",417,9.9,38.8,109.4,89.5,92.8,87.6,424,159,398.0,179,42.9,21.0,24,5.8,4.7
123,123,2022," Chavis, Michael",242,12.3,34.3,111.3,86.1,92.7,82.1,424,162,398.0,97,40.1,12.6,20,8.3,5.4
1208,221,2018," Eaton, Adam",257,9.0,33.9,109.4,87.7,90.3,86.5,408,152,396.0,78,30.4,12.1,8,3.1,2.2
203,203,2022," Canha, Mark",301,10.1,30.9,108.0,88.3,91.5,87.0,423,150,394.0,114,37.9,14.8,14,4.7,3.2
1463,227,2017," Vázquez, Christian",261,8.0,34.5,105.7,85.2,88.6,82.5,409,157,398.0,58,22.2,9.6,7,2.7,2.0
836,99,2019," McCann, James",303,10.8,36.0,112.0,90.2,94.4,87.0,446,164,404.0,134,44.2,13.7,28,9.2,5.9
247,247,2022," Straw, Myles",377,9.5,33.7,104.7,86.9,88.2,86.3,388,151,,100,26.6,12.4,2,0.5,0.4
1440,204,2017," Posey, Buster",433,11.6,36.5,109.6,88.7,92.5,84.7,431,178,387.0,150,34.8,16.4,15,3.5,2.6
1739,6,2015," Cruz, Nelson",427,9.3,35.4,119.0,92.7,97.7,88.9,469,181,411.0,204,47.8,16.1,60,14.1,9.2
1885,152,2015," Pierzynski, A.J.",373,10.5,34.9,110.0,85.4,88.5,83.6,424,162,387.0,96,25.7,12.0,13,3.5,3.0
1708,216,2016," Mercer, Jordy",445,11.1,27.9,106.4,86.9,89.8,85.6,466,153,399.0,117,26.3,11.7,10,2.2,1.7
1865,132,2015," Francoeur, Jeff",252,14.2,35.7,108.0,88.0,90.2,87.3,435,178,385.0,84,33.3,12.6,12,4.8,3.5
1154,167,2018," Marte, Ketel",444,5.8,28.8,115.1,88.8,92.0,87.8,465,146,405.0,163,36.9,16.3,22,5.0,3.8
1662,170,2016," Zobrist, Ben",449,9.5,32.5,110.4,89.2,92.6,86.6,422,162,386.0,160,35.6,17.0,20,4.5,3.2
1427,191,2017," Reddick, Josh",418,17.8,38.3,110.2,87.7,90.6,85.8,422,195,386.0,131,31.6,14.6,16,3.8,3.0
385,137,2021," Schoop, Jonathan",498,10.8,30.1,117.1,88.1,91.7,87.9,440,145,395.0,200,40.2,14.7,34,6.8,5.0
1744,11,2015," Cespedes, Yoenis",497,12.2,32.4,112.9,92.2,96.1,89.0,442,189,408.0,222,44.8,16.7,55,11.1,8.1
855,118,2019," Story, Trevor",417,17.5,36.5,111.8,91.0,93.8,90.3,459,197,414.0,192,46.0,14.9,36,8.6,5.5
1590,98,2016," Walker, Neil",331,18.0,36.6,108.2,89.1,92.7,85.6,423,193,394.0,124,37.5,14.5,24,7.3,5.2
220,220,2022," India, Jonathan",221,15.4,35.3,111.3,85.6,88.7,83.8,447,160,395.0,65,29.4,11.7,9,4.1,2.8
642,162,2020," Maldonado, Martín",86,19.1,38.4,106.7,86.1,90.0,81.8,418,173,383.0,23,26.7,7.8,7,8.1,4.2
2,2,2022," Alvarez, Yordan",304,12.1,40.1,117.4,95.5,98.2,92.7,469,193,403.0,186,61.2,23.7,59,19.4,12.7
113,113,2022," Stassi, Max",200,8.7,26.0,107.5,88.9,94.2,86.6,424,146,398.0,80,40.0,14.3,19,9.5,5.7
699,219,2020," Rosario, Amed",109,4.2,30.3,107.8,86.5,89.1,85.4,434,131,399.0,36,33.0,13.3,4,3.7,2.7
1899,166,2015," Altuve, Jose",580,11.2,31.2,106.5,86.1,90.2,84.0,410,159,386.0,166,28.6,14.4,18,3.1,2.6
952,215,2019," Tapia, Raimel",326,7.5,36.5,107.1,87.6,90.0,86.0,440,158,402.0,103,31.6,10.8,12,3.7,2.7
1649,157,2016," Upton, B.J.",344,9.2,31.1,110.7,88.3,92.3,85.5,446,161,409.0,126,36.6,12.4,20,5.8,3.7
1637,145,2016," Bogaerts, Xander",532,11.0,28.0,113.2,89.0,92.6,88.2,430,157,400.0,174,32.7,13.5,28,5.3,3.9
1734,1,2015," Martinez, J.D.",421,16.2,39.9,113.2,91.3,95.9,85.0,467,214,399.0,204,48.5,14.9,73,17.3,11.1
1411,175,2017," Miller, Brad",232,11.1,26.7,112.7,89.3,94.0,86.3,445,178,412.0,89,38.4,11.8,14,6.0,3.4
1410,174,2017," Villar, Jonathan",274,3.1,26.6,114.7,88.3,93.6,85.9,450,140,395.0,93,34.2,10.8,15,5.5,3.4
1534,42,2016," Arenado, Nolan",523,18.8,32.7,111.2,89.5,92.8,87.3,462,199,411.0,208,39.8,15.8,47,9.0,6.8
1292,56,2017," Ramirez, Hanley",380,12.6,35.0,114.3,88.5,93.4,84.8,469,182,415.0,146,38.4,14.6,36,9.5,6.5
1794,61,2015," Peralta, David",362,6.7,35.4,116.0,91.6,95.6,88.9,442,170,404.0,157,43.4,17.2,29,8.0,5.6
442,194,2021," Farmer, Kyle",392,15.8,36.0,107.6,87.2,92.0,83.5,424,168,394.0,125,31.9,12.8,17,4.3,3.2
1521,29,2016," Sanó, Miguel",262,16.9,32.4,114.2,92.4,96.9,86.8,451,211,405.0,129,49.2,15.0,37,14.1,7.5
1137,150,2018," Bader, Harrison",260,13.7,34.6,113.6,87.1,91.6,83.9,431,177,403.0,80,30.8,10.0,18,6.9,4.2
1716,224,2016," Prado, Martín",536,8.6,31.2,105.8,87.9,88.0,88.8,415,151,396.0,165,30.8,16.3,7,1.3,1.1
1257,21,2017," Sánchez, Gary",355,13.1,33.5,115.7,90.8,95.9,87.6,493,175,416.0,152,42.9,15.6,42,11.8,8.0
1849,116,2015," Paulsen, Ben",237,10.7,34.6,112.0,88.3,92.0,86.1,444,174,419.0,81,34.2,11.1,14,5.9,4.0
1632,140,2016," Villar, Jonathan",424,4.7,28.8,114.0,90.3,94.5,88.2,436,148,399.0,162,38.2,13.1,27,6.4,4.0
1696,204,2016," Galvis, Freddy",460,13.6,33.9,107.9,87.4,90.5,84.9,417,179,383.0,126,27.4,10.1,13,2.8,2.1
1398,162,2017," Gomes, Yan",245,16.2,29.4,110.2,86.4,92.6,81.5,457,174,391.0,80,32.7,10.4,14,5.7,3.7
664,184,2020," Kepler, Max",136,22.2,30.9,110.3,88.5,91.7,88.9,444,182,400.0,52,38.2,15.1,7,5.1,3.6
1821,88,2015," Marte, Starling",464,5.5,32.5,111.9,87.8,94.6,83.7,467,148,410.0,163,35.1,12.5,31,6.7,4.9
1258,22,2017," Upton, Justin",378,15.7,36.0,114.2,88.8,94.3,84.3,454,199,405.0,156,41.3,13.0,50,13.2,7.9
1759,26,2015," Jones, Adam",447,11.3,27.5,112.2,88.2,93.0,85.5,450,174,403.0,154,34.5,12.8,40,8.9,6.9
1701,209,2016," Barnhart, Tucker",310,9.6,39.0,105.1,86.1,90.2,82.3,403,163,377.0,72,23.2,10.2,8,2.6,1.9
318,70,2021," Adames, Willy",342,16.8,35.1,112.5,89.5,94.4,83.0,446,189,397.0,153,44.7,14.1,39,11.4,7.0
649,169,2020," Pillar, Kevin",167,13.4,34.7,108.0,87.1,92.0,82.2,435,177,400.0,61,36.5,14.2,9,5.4,4.0
1435,199,2017," Wieters, Matt",332,12.4,34.3,106.0,85.7,91.1,81.2,434,171,410.0,96,29.3,11.0,13,3.9,2.8
1480,244,2017," Heredia, Guillermo",324,10.2,29.0,107.8,84.6,88.2,83.2,409,151,387.0,74,22.8,10.4,5,1.5,1.2
710,230,2020," Polanco, Jorge",177,16.1,39.0,109.2,86.6,89.2,84.9,391,175,378.0,59,33.3,15.0,5,2.8,2.2
1383,147,2017," Longoria, Evan",516,12.7,32.4,109.9,86.7,92.7,82.4,422,170,394.0,167,32.4,13.5,27,5.2,4.0
1283,47,2017," Castillo, Welington",246,14.4,39.0,108.3,89.4,93.8,84.7,440,187,399.0,108,44.3,17.3,25,10.2,6.8
973,236,2019," Panik, Joe",397,12.8,33.8,106.2,86.8,89.6,85.3,414,171,390.0,102,25.8,12.9,8,2.0,1.6
628,148,2020," Franco, Maikel",189,8.4,33.3,112.5,86.7,94.2,82.5,420,157,402.0,73,38.6,15.5,11,5.8,4.5
633,153,2020," Kemp, Matt",76,11.9,38.2,109.6,85.3,91.0,81.0,468,175,418.0,22,28.9,9.2,6,7.9,4.5
1307,71,2017," Braun, Ryan",308,7.7,30.8,114.7,89.9,96.0,85.8,429,163,401.0,135,44.0,16.8,26,8.4,6.1
1401,165,2017," Betts, Mookie",554,14.3,31.9,111.7,88.4,92.9,87.4,434,179,396.0,208,37.9,20.6,25,4.5,3.5
1409,173,2017," Castro, Starlin",353,6.9,30.6,110.4,87.4,93.3,84.1,452,150,398.0,129,36.5,14.1,16,4.5,3.4
1249,13,2017," Moss, Brandon",236,17.8,36.4,112.8,89.6,94.6,81.8,474,206,411.0,99,41.9,12.4,35,14.8,8.7
1936,203,2015," Tejada, Rubén",294,12.5,40.5,103.9,85.0,87.8,82.7,405,171,382.0,70,23.8,9.0,7,2.4,1.7
1255,19,2017," Moreland, Mitch",393,11.6,34.9,113.3,89.3,94.9,84.4,449,184,412.0,142,36.4,13.5,47,12.0,8.2
1497,5,2016," Trumbo, Mark",443,15.1,31.8,117.2,92.8,96.8,91.0,458,195,410.0,198,44.7,15.3,69,15.6,10.3
1372,136,2017," Pujols, Albert",504,13.5,31.9,112.2,88.7,93.3,85.6,459,177,408.0,197,39.2,16.8,27,5.4,4.2
1530,38,2016," Murphy, Daniel",482,16.8,36.3,113.5,90.7,93.1,90.0,448,200,399.0,200,41.5,20.9,41,8.5,7.0
1664,172,2016," Cain, Lorenzo",317,9.2,35.6,110.7,88.6,89.2,89.1,445,160,402.0,106,33.4,12.6,14,4.4,3.2
1355,119,2017," Realmuto, J.T.",429,10.1,32.6,111.4,88.2,91.8,85.8,444,166,396.0,152,35.5,14.5,27,6.3,4.7
1909,176,2015," Peterson, Jace",418,9.8,32.8,110.0,87.1,89.0,86.1,410,166,392.0,110,26.3,10.7,14,3.3,2.3
1884,151,2015," Kendrick, Howie",384,1.2,31.3,111.6,90.3,94.0,87.9,438,133,402.0,159,41.4,16.7,15,3.9,3.0
1644,152,2016," Parra, Gerardo",298,4.9,32.9,108.1,87.4,93.0,83.4,439,155,417.0,96,32.2,13.2,15,5.0,3.9
1834,101,2015," Gomes, Yan",265,17.7,41.9,107.7,87.5,90.9,84.3,432,204,403.0,87,32.8,11.4,17,6.4,4.4
796,59,2019," Desmond, Ian",327,8.7,32.4,113.6,90.9,93.6,90.1,486,163,425.0,139,42.5,16.5,34,10.4,7.1
646,166,2020," Segura, Jean",148,11.2,30.4,109.4,87.7,92.3,86.5,423,148,387.0,57,38.5,14.8,9,6.1,4.1
1013,26,2018," Moreland, Mitch",307,11.5,33.9,114.3,91.0,95.3,86.7,443,184,417.0,137,44.8,16.8,37,12.1,8.1
1825,92,2015," Santana, Carlos",433,12.5,28.2,111.4,89.2,93.3,88.2,447,164,400.0,172,39.7,16.4,31,7.2,4.7
557,77,2020," Candelario, Jeimer",136,13.3,37.5,110.8,90.2,94.8,85.8,437,173,406.0,64,47.1,16.8,14,10.3,6.8
682,202,2020," Margot, Manuel",121,7.5,31.4,108.2,89.4,91.3,88.7,417,142,417.0,41,33.9,14.8,5,4.1,3.1
578,98,2020," Crawford, Brandon",127,12.4,35.4,109.8,88.7,93.6,84.3,425,171,402.0,50,39.4,12.5,12,9.4,6.2
1110,123,2018," Santana, Carlos",475,15.4,30.1,113.5,88.9,93.2,87.8,445,174,399.0,184,39.1,15.9,33,6.9,4.9
1267,31,2017," Conforto, Michael",262,13.7,38.5,111.4,89.1,95.1,83.2,450,186,393.0,112,43.4,14.3,32,12.2,7.3
1723,231,2016," Iglesias, José",427,8.3,29.0,111.0,83.6,86.9,83.0,424,138,379.0,89,20.8,10.0,3,0.7,0.6
1184,197,2018," Segura, Jean",527,7.8,29.8,111.6,87.7,90.3,86.9,420,145,399.0,170,32.3,15.7,19,3.6,3.0
525,45,2020," Acuña Jr., Ronald",100,18.6,34.0,114.8,92.4,99.5,84.9,495,206,414.0,57,57.0,16.1,16,16.0,7.9
1060,73,2018," Duda, Lucas",229,19.6,42.8,114.1,89.5,92.5,86.0,436,212,407.0,84,36.7,12.7,23,10.0,6.3
541,61,2020," Swanson, Dansby",167,14.7,40.1,109.3,89.1,92.0,84.6,427,190,399.0,68,40.7,13.6,19,11.4,7.2
1195,208,2018," Crawford, Brandon",414,11.3,37.2,108.8,87.5,90.6,86.1,436,168,386.0,138,33.3,11.9,15,3.6,2.5
1679,187,2016," Kepler, Max",309,8.5,30.1,115.4,89.7,90.9,90.6,442,168,396.0,116,37.5,15.5,12,3.9,2.7
749,12,2019," Donaldson, Josh",396,13.3,33.3,114.2,92.9,98.1,89.0,443,185,406.0,200,50.5,16.6,62,15.7,9.4
1855,122,2015," Suárez, Eugenio",284,14.8,31.3,109.8,88.6,91.1,86.2,423,175,382.0,95,33.5,13.2,15,5.3,3.8
1431,195,2017," Polanco, Gregory",320,13.1,30.3,112.1,86.5,91.6,84.6,434,174,407.0,98,30.6,12.7,12,3.8,2.9
485,5,2020," Hernández, Teoscar",128,15.3,40.6,115.9,93.3,98.2,86.6,466,195,418.0,68,53.1,17.4,23,18.0,11.1
1758,25,2015," Duda, Lucas",336,19.8,40.2,114.1,91.7,94.3,88.9,456,226,408.0,142,42.3,15.0,39,11.6,7.0
96,96,2022," Altuve, Jose",373,16.3,35.4,108.0,86.5,91.5,82.8,422,166,387.0,118,31.6,13.6,31,8.3,6.1
1021,34,2018," Kemp, Matt",354,15.8,42.1,111.4,89.6,94.2,83.8,427,195,409.0,134,39.1,14.4,39,11.0,7.7
564,84,2020," Lewis, Kyle",137,11.1,37.2,110.9,88.3,92.6,83.2,438,174,405.0,48,35.0,11.3,16,11.7,6.6
1265,29,2017," Harper, Bryce",324,14.1,35.5,116.3,91.1,95.3,88.5,451,184,407.0,136,42.6,14.1,37,11.4,7.5
743,6,2019," Judge, Aaron",238,11.2,39.1,118.1,96.0,99.6,91.8,467,199,396.0,136,58.4,16.9,47,19.7,10.5
864,127,2019," d'Arnaud, Travis",272,14.6,33.8,113.1,90.0,93.6,87.6,453,180,405.0,108,39.7,14.2,21,7.7,5.4
1599,107,2016," Rasmus, Colby",253,18.2,30.8,109.4,88.5,93.2,83.6,436,194,411.0,93,36.8,11.7,21,8.3,5.0
1715,223,2016," Escobar, Alcides",556,9.4,31.7,105.8,84.0,86.6,83.0,417,152,399.0,98,17.6,7.4,8,1.4,1.2
1485,249,2017," Bogaerts, Xander",457,8.1,26.7,113.9,87.3,90.8,86.5,437,145,401.0,138,30.2,12.9,6,1.3,0.9
892,155,2019," Ramírez, Harold",331,3.8,29.0,113.0,88.9,92.0,87.8,433,136,389.0,115,34.7,12.7,21,6.3,4.7
1578,86,2016," Wieters, Matt",342,16.4,34.5,110.2,87.9,92.6,84.0,439,187,389.0,113,33.0,13.1,25,7.3,5.4
1039,52,2018," Haniger, Mitch",455,12.7,36.5,112.8,90.2,94.2,87.4,443,174,400.0,196,43.2,17.3,47,10.3,6.9
207,207,2022," Arraez, Luis",422,12.3,36.7,107.3,88.5,90.5,87.0,403,165,381.0,125,29.6,14.4,16,3.8,3.1
393,145,2021," France, Ty",471,11.0,35.9,111.1,88.5,92.5,85.5,442,160,403.0,183,38.9,15.2,32,6.8,4.9
795,58,2019," Torres, Gleyber",424,17.7,38.0,109.6,89.1,92.8,86.3,438,192,397.0,153,36.5,12.3,43,10.1,7.1
871,134,2019," Longoria, Evan",346,14.0,35.8,110.3,89.7,93.2,86.8,438,184,406.0,141,40.8,14.9,26,7.5,5.1
398,150,2021," Bregman, Alex",299,15.9,33.8,107.5,89.0,92.0,87.6,418,171,383.0,114,38.1,17.3,19,6.4,4.8
767,30,2019," Suárez, Eugenio",392,17.7,38.0,112.3,89.3,93.1,86.1,457,195,400.0,157,40.8,13.0,54,13.8,8.2
1827,94,2015," Beltré, Adrián",510,12.6,35.7,109.8,89.5,93.2,87.0,432,180,402.0,206,40.4,18.7,28,5.5,4.5
1242,6,2017," Grichuk, Randal",281,16.2,37.4,113.3,89.0,95.4,81.6,434,200,406.0,116,41.4,13.4,45,16.0,10.2
1029,42,2018," Morrison, Logan",239,20.5,36.0,112.6,88.7,94.7,84.1,442,200,407.0,89,38.2,12.8,26,10.9,7.2
1793,60,2015," Rizzo, Anthony",488,17.3,35.7,112.0,88.7,93.6,84.3,440,197,406.0,187,38.3,14.8,39,8.0,5.6
643,163,2020," Lindor, Francisco",197,13.5,36.5,111.4,89.9,93.3,86.8,412,176,390.0,81,41.1,14.8,11,5.6,4.1
1876,143,2015," Russell, Addison",329,15.1,34.3,109.2,86.7,90.9,84.0,430,186,398.0,96,29.2,9.3,17,5.2,3.3
613,133,2020," Vogelbach, Daniel",82,10.2,29.3,111.4,89.5,95.7,84.2,441,157,408.0,34,41.5,16.4,7,8.5,5.1
1763,30,2015," Abreu, José",474,9.9,30.4,114.9,91.0,94.5,89.5,447,166,396.0,198,41.8,16.1,44,9.3,6.6
961,224,2019," Wilkerson, Stevie",224,11.1,33.5,104.9,86.3,91.0,83.5,423,161,392.0,68,30.4,10.0,8,3.6,2.2
1571,79,2016," Ozuna, Marcell",446,10.9,32.3,113.8,90.8,94.0,89.6,447,173,406.0,188,42.2,18.0,35,7.8,5.8
726,246,2020," Lopez, Nicky",131,1.4,29.8,104.6,84.9,91.2,81.0,396,126,396.0,35,26.7,10.5,2,1.5,1.0
684,204,2020," Kelly, Carson",93,16.7,32.3,105.4,86.3,89.4,84.6,425,173,394.0,32,34.4,13.9,4,4.3,3.1
99,99,2022," Hernandez, Yadiel",233,3.5,35.6,108.0,88.8,95.3,82.6,413,153,390.0,98,42.1,14.6,20,8.6,6.1
805,68,2019," Grandal, Yasmani",379,14.2,37.5,111.3,90.7,95.0,87.5,442,187,400.0,156,41.8,14.8,43,11.3,6.8
1752,19,2015," Moreland, Mitch",364,11.5,35.4,112.5,91.4,96.7,87.9,455,177,404.0,167,45.9,17.5,38,10.4,7.4
1598,106,2016," Morrison, Logan",266,12.0,32.0,113.7,90.5,95.7,87.6,444,174,408.0,111,41.7,15.6,20,7.5,5.0
407,159,2021," Myers, Wil",305,10.6,31.5,107.8,88.0,92.6,83.3,434,157,394.0,116,38.0,12.5,23,7.5,4.6
503,23,2020," Duvall, Adam",137,22.9,30.7,114.2,88.1,94.4,79.0,450,202,397.0,55,40.1,14.1,19,13.9,9.1
1072,85,2018," Escobar, Eduardo",448,18.9,38.6,108.8,86.5,90.8,82.3,447,197,400.0,122,27.6,9.3,37,8.3,5.9
1057,70,2018," Soto, Juan",316,6.2,29.7,113.7,90.5,97.5,86.5,440,152,395.0,133,42.2,16.8,31,9.8,6.3
930,193,2019," Almora Jr., Albert",284,8.5,30.6,111.7,86.3,90.9,84.9,445,149,408.0,78,27.5,11.4,13,4.6,3.6
780,43,2019," Davis, J.D.",315,10.2,36.8,114.7,91.5,95.2,88.7,449,171,404.0,149,47.9,16.9,35,11.1,7.7
201,201,2022," Farmer, Kyle",350,12.6,38.9,106.6,85.5,90.3,82.3,431,155,391.0,119,34.3,13.7,15,4.3,3.2
135,135,2022," Maldonado, Martín",199,14.9,31.2,109.2,89.1,92.1,86.4,442,174,401.0,84,42.2,13.1,17,8.5,5.2
1052,65,2018," Rosario, Eddie",458,17.8,32.5,108.1,87.7,92.6,82.8,418,186,378.0,153,34.2,12.6,38,8.3,6.4
41,41,2022," Soto, Juan",363,9.9,28.1,113.2,90.8,97.0,86.1,451,159,410.0,173,47.7,20.9,44,12.1,7.8
1018,31,2018," Castellanos, Nick",472,15.2,45.3,110.3,89.6,93.6,84.9,426,198,384.0,192,40.7,14.3,53,11.2,7.8
231,231,2022," Daza, Yonathan",250,5.3,33.6,106.0,85.9,87.6,85.2,422,135,408.0,71,28.4,12.2,6,2.4,1.9
1514,22,2016," Duvall, Adam",396,19.2,36.1,110.7,88.6,94.4,82.5,457,203,401.0,164,41.4,14.8,48,12.1,7.9
1797,64,2015," Grandal, Yasmani",267,11.5,27.0,115.1,90.7,94.7,89.1,439,173,404.0,113,42.3,16.4,24,9.0,5.6
379,131,2021," Cronenworth, Jake",483,12.5,35.8,110.8,88.6,92.2,86.5,445,165,400.0,169,35.0,16.1,35,7.2,5.4
289,41,2021," Freeman, Freddie",495,12.0,37.2,113.6,91.4,95.4,87.4,446,178,407.0,228,46.1,16.6,57,11.5,8.2
419,171,2021," Hosmer, Eric",413,3.3,26.6,112.5,90.5,95.3,89.3,453,133,415.0,194,47.0,18.3,24,5.8,4.2
1699,207,2016," Pedroia, Dustin",564,8.6,35.3,104.1,88.6,91.4,86.7,417,160,376.0,163,28.9,13.9,14,2.5,2.0
392,144,2021," Altuve, Jose",517,15.6,31.9,109.1,87.7,92.9,84.1,435,163,386.0,181,35.0,15.4,33,6.4,4.9
593,113,2020," Anderson, Brian",135,9.6,34.8,109.5,87.4,93.4,82.2,446,164,391.0,53,39.3,12.2,13,9.6,5.7
1523,31,2016," Carpenter, Matt",372,18.2,43.0,111.1,90.7,93.8,84.8,439,218,398.0,156,41.9,16.9,42,11.3,7.4
1163,176,2018," Martin, Russell",207,10.1,22.7,108.7,90.6,95.4,90.0,424,147,389.0,89,43.0,17.6,13,6.3,3.7
1087,100,2018," Chirinos, Robinson",222,21.9,36.5,107.3,88.0,93.3,81.2,456,206,393.0,88,39.6,11.0,24,10.8,5.6
1496,4,2016," Cruz, Nelson",437,11.2,34.8,116.3,94.6,99.3,91.6,459,186,413.0,229,52.4,17.7,72,16.5,10.8
648,168,2020," Grandal, Yasmani",105,15.6,38.1,110.5,90.3,95.3,84.9,441,189,408.0,46,43.8,15.7,8,7.6,4.1
1153,166,2018," Taylor, Michael A.",239,8.1,27.2,110.8,88.5,93.1,85.5,425,153,392.0,82,34.3,10.5,15,6.3,3.9
1368,132,2017," Suárez, Eugenio",392,14.8,39.0,108.8,86.2,91.6,81.1,451,189,393.0,126,32.1,11.1,27,6.9,4.3
521,41,2020," Turner, Justin",125,17.5,40.8,107.8,90.3,93.1,87.0,436,203,404.0,55,44.0,18.8,14,11.2,8.0
65,65,2022," Yastrzemski, Mike",281,19.4,34.2,109.7,89.5,93.1,86.5,420,178,399.0,113,40.2,14.1,32,11.4,7.1
1837,104,2015," Ozuna, Marcell",351,7.2,29.3,114.5,91.8,95.9,90.0,434,159,415.0,158,45.0,18.1,21,6.0,4.3
15,15,2022," Voit, Luke",259,18.3,32.0,111.3,90.5,96.1,81.4,452,193,405.0,119,45.9,12.4,42,16.2,9.2
1181,194,2018," Gómez, Carlos",259,19.8,32.4,113.1,87.1,90.2,86.7,424,179,399.0,76,29.3,9.2,13,5.0,3.2
1065,78,2018," Devers, Rafael",331,11.2,30.2,116.3,90.9,95.2,89.7,447,167,399.0,139,42.0,14.6,30,9.1,6.1
493,13,2020," Freeman, Freddie",177,17.2,49.2,109.3,92.4,96.1,88.1,443,207,409.0,96,54.2,19.5,26,14.7,9.9
380,132,2021," Torres, Gleyber",361,14.2,37.1,111.6,87.1,92.0,82.1,425,169,389.0,129,35.7,13.3,28,7.8,5.4
188,188,2022," Blackmon, Charlie",388,12.0,36.6,109.5,86.1,90.1,82.5,453,160,409.0,119,30.7,12.5,19,4.9,3.7
764,27,2019," Freeman, Freddie",472,14.4,40.0,112.0,89.7,93.8,85.1,446,192,404.0,200,42.5,14.0,58,12.3,8.4
217,217,2022," Gurriel Jr., Lourdes",371,10.9,34.8,109.5,90.7,93.3,89.7,431,159,397.0,170,45.8,18.9,14,3.8,2.8
792,55,2019," Núñez, Renato",402,19.9,32.1,114.8,89.9,94.1,88.1,450,194,412.0,164,40.9,13.4,43,10.7,7.2
1077,90,2018," Conforto, Michael",388,12.5,36.3,112.4,88.0,93.5,83.6,472,173,395.0,143,37.4,12.5,37,9.5,5.8
879,142,2019," Castro, Starlin",534,11.0,29.6,113.3,88.5,91.5,87.4,438,161,399.0,201,37.7,16.4,33,6.2,4.9
338,90,2021," Happ, Ian",312,9.9,30.8,112.1,89.5,93.8,85.6,451,159,402.0,129,41.3,13.1,34,10.9,6.4
1773,40,2015," Belt, Brandon",349,16.3,46.4,109.4,89.8,93.7,83.6,475,215,396.0,146,41.8,12.6,35,10.0,6.3
720,240,2020," Tapia, Raimel",150,1.8,28.7,107.2,85.3,88.4,84.3,410,122,410.0,45,30.0,10.9,3,2.0,1.5
1749,16,2015," Freeman, Freddie",320,14.4,43.4,110.0,90.6,94.1,85.8,451,198,404.0,143,44.7,15.5,36,11.3,7.5
296,48,2021," Soler, Jorge",379,15.7,30.9,117.9,91.2,95.8,88.2,465,178,422.0,178,47.0,16.5,48,12.7,8.0
1726,234,2016," Revere, Ben",320,5.5,28.7,102.9,83.6,86.3,82.2,395,137,388.0,52,16.3,9.8,2,0.6,0.5
1017,30,2018," Braun, Ryan",323,6.4,36.2,116.3,92.3,97.4,88.1,443,168,401.0,160,49.5,19.7,35,10.8,7.9
1276,40,2017," Mancini, Trey",408,7.1,30.9,115.5,88.6,95.1,85.0,459,158,399.0,167,41.2,14.4,41,10.0,7.0
1751,18,2015," Braun, Ryan",394,7.7,31.7,114.9,92.3,95.9,89.9,474,173,410.0,179,45.4,16.6,42,10.7,7.4
1486,250,2017," Pedroia, Dustin",364,10.5,33.2,101.9,85.2,88.6,83.6,395,155,381.0,76,21.1,9.9,4,1.1,0.9
456,208,2021," Gosselin, Phil",265,11.5,30.2,110.0,87.6,90.5,85.8,430,158,396.0,93,35.1,14.2,9,3.4,2.4
1980,247,2015," Reyes, José",431,13.3,28.1,108.4,84.6,86.0,85.9,419,151,386.0,80,18.6,8.8,1,0.2,0.2
816,79,2019," Puig, Yasiel",426,13.8,30.0,114.4,90.0,94.1,88.0,455,182,410.0,162,39.1,13.7,39,9.2,6.4
270,22,2021," Reyes, Franmil",272,9.8,31.3,114.9,91.9,97.9,87.8,452,165,414.0,132,48.5,14.6,46,16.9,9.9
996,9,2018," Muncy, Max",266,18.3,36.8,110.6,90.3,95.0,85.0,445,206,399.0,121,46.4,15.8,45,16.9,9.4
202,202,2022," Carlson, Dylan",304,11.7,35.2,108.7,86.2,91.1,81.2,431,165,401.0,81,26.6,10.3,14,4.6,3.2
162,162,2022," Lux, Gavin",293,7.1,35.2,108.1,87.8,93.6,83.0,431,151,411.0,117,39.9,16.8,19,6.5,4.5
1580,88,2016," Kang, Jung Ho",241,11.0,29.0,110.9,90.3,96.4,85.2,445,183,403.0,96,39.8,15.5,20,8.3,5.4
730,250,2020," Rojas, Miguel",107,11.9,38.3,107.0,87.3,88.6,86.6,416,168,389.0,34,31.8,16.3,1,0.9,0.7
402,154,2021," McMahon, Ryan",386,14.3,40.2,111.5,90.5,93.9,86.8,478,184,409.0,168,43.5,14.4,28,7.3,4.7
703,223,2020," García, Avisaíl",132,8.7,37.1,113.3,87.4,92.1,84.7,427,147,412.0,49,37.1,12.4,5,3.8,2.4
1501,9,2016," Martinez, J.D.",337,13.4,38.0,114.7,91.5,96.2,86.8,439,190,397.0,159,47.2,15.0,48,14.2,9.3
1846,113,2015," Odor, Rougned",354,12.0,26.6,111.1,88.4,93.0,86.5,423,162,401.0,116,32.8,13.7,19,5.4,4.0
1796,63,2015," Rasmus, Colby",282,21.1,36.2,110.3,89.5,93.2,84.4,444,215,388.0,100,35.5,10.7,27,9.6,5.6
1130,143,2018," González, Carlos",353,9.0,29.7,118.3,89.7,92.2,89.4,473,160,420.0,138,39.1,14.6,22,6.2,4.4
566,86,2020," Pederson, Joc",87,12.5,26.4,112.1,93.0,98.1,90.4,435,157,411.0,39,44.8,15.1,9,10.3,6.5
1414,178,2017," Walker, Neil",311,17.0,35.4,109.8,85.9,90.1,82.6,431,182,400.0,97,31.3,13.6,15,4.8,3.3
1022,35,2018," Puig, Yasiel",320,12.1,33.8,115.3,89.5,93.7,87.5,463,177,413.0,130,41.0,15.7,34,10.6,7.7
1026,39,2018," Encarnación, Edwin",375,18.0,34.1,112.2,89.9,94.3,85.9,434,192,401.0,152,41.4,14.9,42,11.2,7.3
1412,176,2017," Andrus, Elvis",547,7.6,32.5,108.1,86.5,91.8,82.9,436,160,403.0,171,31.3,14.2,23,4.2,3.3
1896,163,2015," Jackson, Austin",369,7.3,34.4,109.1,89.6,92.0,87.8,431,159,391.0,147,39.8,15.1,14,3.8,2.7
1586,94,2016," Franco, Maikel",479,11.8,28.6,113.2,89.5,94.2,87.6,471,166,404.0,195,40.7,16.9,33,6.9,5.2
1105,118,2018," Goodrum, Niko",314,11.1,37.6,110.7,88.0,91.5,85.1,418,176,387.0,111,35.4,11.5,25,8.0,5.1
206,206,2022," Grandal, Yasmani",206,11.6,29.6,110.2,89.6,91.0,90.3,408,153,382.0,79,38.3,15.3,10,4.9,3.2
35,35,2022," Muncy, Max",271,21.1,33.9,111.2,90.0,95.6,82.3,443,200,392.0,120,44.3,15.4,38,14.0,8.1
776,39,2019," Chapman, Matt",439,16.6,25.1,114.4,92.7,97.1,91.0,453,185,408.0,211,49.0,17.9,53,12.1,7.9
509,29,2020," Realmuto, J.T.",125,11.6,32.8,112.4,90.2,95.5,87.2,431,163,397.0,53,42.4,15.8,17,13.6,8.7
1452,216,2017," Wong, Kolten",298,9.7,32.9,109.7,86.4,90.0,84.5,425,155,413.0,85,28.9,12.2,9,3.0,2.2
1479,243,2017," Dyson, Jarrod",297,9.5,30.3,104.5,82.4,87.4,80.7,407,143,387.0,55,18.5,8.8,5,1.7,1.3
1954,221,2015," Hardy, J.J.",329,9.6,26.4,107.3,87.2,90.8,85.9,424,157,397.0,101,30.7,14.2,5,1.5,1.1
1391,155,2017," Escobar, Yunel",299,2.3,31.8,111.7,89.0,93.6,86.3,438,147,412.0,117,39.1,18.4,15,5.0,3.9
92,92,2022," Melendez, MJ",263,14.4,31.6,110.8,91.0,94.2,88.0,436,175,411.0,116,44.1,14.8,27,10.3,6.4
1364,128,2017," Beltré, Adrián",294,12.5,36.1,107.4,86.7,91.4,82.0,430,182,398.0,95,32.5,12.9,17,5.8,4.4
898,161,2019," Fowler, Dexter",350,12.9,40.3,111.1,85.5,90.5,80.1,430,181,391.0,99,28.7,9.5,26,7.4,4.5
565,85,2020," Cabrera, Miguel",155,12.1,36.8,112.2,93.2,95.6,91.2,450,170,395.0,77,49.7,17.7,15,9.7,6.5
1370,134,2017," Fowler, Dexter",323,13.1,40.2,112.4,88.5,92.3,84.6,429,192,397.0,118,36.9,13.9,21,6.5,4.3
777,40,2019," Moncada, Yoán",361,12.3,40.4,115.8,93.1,95.5,91.8,462,185,406.0,173,47.9,16.4,44,12.2,7.9
242,242,2022," Lopez, Nicky",347,4.8,32.3,106.7,85.4,88.8,83.3,396,129,,86,24.8,10.9,5,1.4,1.1
14,14,2022," Raleigh, Cal",219,22.6,35.6,114.0,90.9,95.0,86.0,435,205,391.0,94,42.9,13.0,33,15.1,9.3
316,68,2021," Wade Jr., LaMonte",254,19.8,37.8,109.3,90.1,92.7,88.4,430,189,396.0,106,41.7,14.7,27,10.6,7.1
601,121,2020," Jansen, Danny",93,16.3,35.5,109.3,85.1,90.5,78.0,427,179,409.0,33,35.5,13.0,8,8.6,5.4
388,140,2021," Ramírez, Harold",286,6.2,24.5,114.8,91.3,95.1,90.4,428,137,393.0,135,47.2,18.3,18,6.3,5.0
1298,62,2017," Arenado, Nolan",507,17.6,37.5,109.9,88.8,93.0,84.4,456,207,409.0,192,37.9,15.2,43,8.5,6.3
167,167,2022," Miranda, Jose",262,15.1,33.6,109.4,89.5,94.5,86.5,428,164,393.0,116,44.3,16.6,16,6.1,4.4
841,104,2019," Canha, Mark",305,15.2,32.1,110.9,89.1,94.3,86.1,436,179,396.0,124,41.1,14.5,29,9.5,5.8
21,21,2022," Devers, Rafael",381,12.0,32.5,113.7,93.2,96.6,91.5,441,170,403.0,195,51.2,19.0,45,11.8,8.7
647,167,2020," Piscotty, Stephen",108,13.5,34.3,111.1,88.1,92.7,84.7,454,163,415.0,43,39.8,12.4,7,6.5,4.1
1843,110,2015," Lamb, Jake",256,11.8,32.0,109.3,89.6,92.1,88.2,430,178,399.0,97,37.9,14.9,16,6.3,4.1
1509,17,2016," Donaldson, Josh",463,14.9,32.2,114.1,92.2,97.6,88.3,469,187,405.0,228,49.2,18.5,57,12.3,8.1
1155,168,2018," Albies, Ozzie",527,16.1,34.0,109.9,86.8,91.7,82.8,427,176,389.0,155,29.4,11.4,25,4.7,3.7
1529,37,2016," Santana, Carlos",488,14.4,29.3,111.2,90.8,93.8,90.1,447,178,405.0,211,43.2,19.4,48,9.8,7.0
832,95,2019," Schoop, Jonathan",318,12.4,35.5,114.9,87.6,93.7,83.7,467,171,404.0,122,38.5,12.4,28,8.8,6.0
1268,32,2017," Perez, Salvador",381,18.7,34.4,111.3,88.7,92.7,84.7,451,211,404.0,147,38.9,14.4,36,9.4,7.2
1591,99,2016," Bautista, José",324,14.8,30.6,115.3,91.5,96.4,90.0,436,179,387.0,148,45.7,18.4,27,8.3,5.2
1900,167,2015," Forsythe, Logan",435,15.4,33.6,108.7,88.4,91.8,86.5,435,185,398.0,140,32.2,13.7,16,3.7,2.6
563,83,2020," Tucker, Kyle",164,14.9,34.1,110.9,91.1,94.9,86.4,432,185,391.0,73,44.5,16.8,15,9.1,6.6
1935,202,2015," Galvis, Freddy",467,13.2,33.0,104.0,86.1,88.5,85.2,411,171,379.0,103,22.1,8.8,10,2.1,1.7
687,207,2020," Frazier, Adam",175,12.3,34.9,107.5,85.5,89.5,83.0,415,157,401.0,44,25.1,10.8,7,4.0,3.0
958,221,2019," Crawford, J.P.",268,12.4,34.7,108.6,85.0,87.3,84.0,427,156,384.0,66,24.8,8.9,9,3.4,2.3
190,190,2022," Schoop, Jonathan",329,9.5,29.5,111.6,87.2,92.1,85.1,430,145,395.0,130,39.5,14.8,16,4.9,3.6
1807,74,2015," Hosmer, Eric",495,6.0,29.9,113.9,89.8,94.7,87.4,446,156,408.0,202,40.8,17.4,35,7.1,5.2
976,239,2019," Frazier, Adam",484,13.1,36.2,106.1,87.1,89.4,86.0,423,174,391.0,136,28.3,12.3,9,1.9,1.5
700,220,2020," Edman, Tommy",158,8.2,31.0,109.0,86.5,92.0,84.3,412,140,395.0,53,33.5,14.2,6,3.8,2.6
1500,8,2016," Howard, Ryan",220,16.6,37.7,109.2,92.0,95.9,87.0,455,208,400.0,105,47.7,13.9,34,15.5,9.4
1706,214,2016," Cabrera, Melky",530,11.2,33.6,110.6,89.5,90.2,90.8,428,175,392.0,181,34.2,15.5,11,2.1,1.7
511,31,2020," Springer, George",153,18.3,35.3,115.0,88.7,94.3,85.1,455,187,412.0,65,42.5,16.6,19,12.4,8.6
1083,96,2018," Brinson, Lewis",264,7.5,27.3,113.6,89.5,93.7,87.0,429,150,411.0,103,39.2,12.2,23,8.7,5.7
475,227,2021," Frazier, Adam",512,12.6,38.9,108.7,85.4,87.1,85.3,411,158,383.0,129,25.2,11.5,5,1.0,0.8
1585,93,2016," Castro, Jason",207,11.6,34.3,108.7,89.5,93.4,86.1,453,173,402.0,83,40.1,12.5,20,9.7,5.3
857,120,2019," Adames, Willy",382,10.8,36.1,110.9,88.5,93.0,84.4,462,166,396.0,136,35.6,12.4,32,8.4,5.5
748,11,2019," Alonso, Pete",417,14.8,36.9,118.3,90.7,96.6,85.9,489,189,414.0,176,42.7,13.7,66,15.8,9.5
253,5,2021," Dalbec, Bobby",262,17.3,36.3,115.6,92.4,97.0,86.6,453,195,403.0,126,48.1,13.6,53,20.2,11.7
22,22,2022," Contreras, William",187,5.7,30.5,115.2,90.7,97.2,86.0,445,154,406.0,89,47.6,16.5,26,13.9,8.7
1338,102,2017," d'Arnaud, Travis",292,13.5,33.2,111.6,88.0,93.3,83.5,455,173,400.0,104,35.7,14.6,19,6.5,5.1
460,212,2021," Gardner, Brett",298,12.5,28.9,108.6,86.7,92.1,84.5,408,147,378.0,98,33.2,12.5,10,3.4,2.2
1185,198,2018," Kiermaier, Kevin",245,7.5,26.1,110.2,86.0,90.7,83.8,416,143,394.0,71,29.0,10.4,11,4.5,3.0
277,29,2021," Cruz, Nelson",396,11.8,31.8,117.5,92.9,97.6,90.4,457,169,410.0,208,52.5,18.5,54,13.6,9.2
956,219,2019," Margot, Manuel",313,14.2,27.8,109.6,87.7,91.0,88.0,417,152,391.0,109,34.8,14.2,11,3.5,2.5
1216,229,2018," Difo, Wilmer",333,12.8,33.9,104.2,83.1,87.0,80.4,403,156,380.0,63,19.0,7.2,8,2.4,1.8
386,138,2021," Díaz, Yandy",384,6.6,28.9,113.5,89.9,93.0,89.2,439,145,397.0,156,40.6,18.0,27,7.0,5.0
806,69,2019," Swanson, Dansby",365,14.4,36.7,108.4,89.9,93.1,86.8,424,186,402.0,152,41.6,14.9,37,10.1,6.8
1438,202,2017," Cain, Lorenzo",486,10.2,32.1,112.0,89.1,92.2,88.2,436,173,399.0,173,35.6,14.0,17,3.5,2.6
1516,24,2016," Upton, Justin",393,15.5,33.3,114.4,91.3,94.9,89.9,453,194,410.0,179,45.5,15.6,49,12.5,7.8
344,96,2021," Pham, Tommy",351,7.6,35.6,112.7,90.8,96.1,86.7,486,159,402.0,167,47.6,18.4,35,10.0,6.2
770,33,2019," García, Avisaíl",367,9.8,34.1,116.2,89.5,95.2,86.4,485,166,416.0,148,40.3,13.9,43,11.7,8.1
1333,97,2017," Taylor, Chris",373,12.2,39.7,110.1,87.1,91.2,83.3,443,179,398.0,126,34.1,12.1,30,8.0,5.3
1686,194,2016," Eaton, Adam",514,4.9,31.1,108.6,89.1,90.7,88.6,451,147,395.0,186,36.2,14.6,16,3.1,2.3
131,131,2022," Bohm, Alec",399,10.4,41.9,110.8,90.5,92.8,89.5,426,160,394.0,177,44.4,18.1,27,6.8,5.2
1688,196,2016," Escobar, Yunel",457,1.9,27.8,109.5,89.3,91.6,88.3,413,129,398.0,165,36.1,17.3,13,2.8,2.3
872,135,2019," Maldonado, Martín",250,12.7,26.0,110.1,88.1,93.6,85.0,425,158,383.0,85,34.6,13.1,19,7.6,5.1
1124,137,2018," Altuve, Jose",459,10.1,34.0,112.3,87.2,92.3,82.8,443,159,399.0,155,33.8,15.4,27,5.9,4.5
1397,161,2017," Murphy, Daniel",460,17.3,39.6,108.4,89.6,92.8,87.1,428,196,389.0,192,41.8,18.8,22,4.8,3.7
88,88,2022," Suzuki, Seiya",251,11.3,35.5,111.3,89.6,92.4,87.9,436,168,397.0,102,41.0,16.1,25,10.0,6.5
1483,247,2017," Hernández, Gorkys",241,9.3,31.1,108.9,85.2,89.3,84.6,389,150,,63,26.1,9.3,4,1.7,1.1
331,83,2021," Marte, Ketel",281,10.3,33.5,116.0,91.1,95.1,90.0,457,162,410.0,136,48.4,21.0,25,8.9,6.7
1239,3,2017," Stanton, Giancarlo",437,11.2,31.6,122.2,92.0,100.0,86.8,468,183,418.0,199,45.6,17.0,76,17.4,11.0
467,219,2021," Andrus, Elvis",423,8.1,34.0,109.8,87.8,91.3,86.3,422,146,401.0,147,34.8,14.7,9,2.1,1.7
122,122,2022," Arozarena, Randy",365,8.6,28.2,114.1,90.2,95.5,87.9,431,140,403.0,152,41.6,15.8,29,7.9,5.4
1639,147,2016," Vogt, Stephen",410,19.4,40.7,108.4,85.9,90.0,80.9,413,199,391.0,110,26.8,11.4,21,5.1,3.9
1045,58,2018," Davidson, Matt",272,13.8,36.0,115.1,90.0,95.8,86.6,450,187,400.0,115,42.3,12.0,33,12.1,6.7
1725,233,2016," Inciarte, Ender",461,8.2,31.5,103.1,85.5,87.7,84.4,412,147,390.0,69,15.0,7.0,3,0.7,0.5
1096,109,2018," Ramos, Wilson",304,4.5,33.6,113.3,91.3,95.4,89.2,446,150,396.0,145,48.2,18.1,22,7.2,5.3
1131,144,2018," Frazier, Todd",304,18.7,31.6,114.1,89.6,93.9,87.5,437,194,395.0,111,37.0,13.6,21,6.9,4.4
1295,59,2017," Turner, Justin",409,18.5,37.7,107.8,89.4,92.2,86.6,430,208,396.0,156,38.6,17.5,35,8.6,6.4
861,124,2019," Seager, Corey",395,14.3,35.2,109.7,88.8,93.3,84.1,441,189,403.0,149,38.2,15.3,29,7.3,5.4
1460,224,2017," Swanson, Dansby",372,8.3,31.2,107.6,86.9,91.6,83.8,419,155,395.0,120,32.5,12.3,11,3.0,2.0
1127,140,2018," Williams, Nick",296,10.6,36.8,113.3,88.8,90.8,87.9,439,174,401.0,111,37.9,13.2,20,6.8,4.5
